Workbook

Sheet Dashboard
B2: OSDD Search Tool - Performance & Efficiency Review
B3: Audit-log evidence, 30 Apr 2026 to 07 Aug 2026 | 5,294 logged runs | 69 analysts
B5: Comparison basis
B6: Baseline period | E6: Apr-Jun 2026
B7: Baseline rate (sec per search, weighted) | E7: =(SUMIFS(Data!$P$2:$P$5295,Data!$B$2:$B$5295,"2026-04")+SUMIFS(Data!$P$2:$P$5295,Data!$B$2:$B$5295,"2026-05")+SUMIFS(Data!$P$2:$P$5295,Data!$B$2:$B$5295,"2026-06"))/(SUMIFS(Data!$H$2:$H$5295,Data!$B$2:$B$5295,"2026-04")+SUMIFS(Data!$H$2:$H$5295,Data!$B$2:$B$5295,"2026-05")+SUMIFS(Data!$H$2:$H$5295,Data!$B$2:$B$5295,"2026-06"))
B8: Current rate (Jul-Aug 2026, sec per search, weighted) | E8: =(SUMIFS(Data!$P$2:$P$5295,Data!$B$2:$B$5295,"2026-07")+SUMIFS(Data!$P$2:$P$5295,Data!$B$2:$B$5295,"2026-08"))/(SUMIFS(Data!$H$2:$H$5295,Data!$B$2:$B$5295,"2026-07")+SUMIFS(Data!$H$2:$H$5295,Data!$B$2:$B$5295,"2026-08"))
B9: Searches run in the current period (Jul-Aug 2026) | E9: =(SUMIFS(Data!$H$2:$H$5295,Data!$B$2:$B$5295,"2026-07")+SUMIFS(Data!$H$2:$H$5295,Data!$B$2:$B$5295,"2026-08"))
B10: Marginal sec per search - baseline (least-squares fit) | E10: =SLOPE(INDEX(Data!$J$2:$J$5295,1):INDEX(Data!$J$2:$J$5295,MATCH("2026-07",Data!$B$2:$B$5295,0)-1),INDEX(Data!$H$2:$H$5295,1):INDEX(Data!$H$2:$H$5295,MATCH("2026-07",Data!$B$2:$B$5295,0)-1))
B11: Marginal sec per search - current (least-squares fit) | E11: =SLOPE(INDEX(Data!$J$2:$J$5295,MATCH("2026-07",Data!$B$2:$B$5295,0)):INDEX(Data!$J$2:$J$5295,5294),INDEX(Data!$H$2:$H$5295,MATCH("2026-07",Data!$B$2:$B$5295,0)):INDEX(Data!$H$2:$H$5295,5294))
B14: Efficiency gain per search | E14: Analyst hours avoided | H14: Runs finishing within 2 min | K14: Marginal sec per search, current | N14: Runs over 5 min, current
B15: =1-E8/E7 | E15: =E9*(E7-E8)/3600 | H15: ='Completion Curve'!C8 | K15: =E11 | N15: =SUMIFS(Data!$N$2:$N$5295,Data!$B$2:$B$5295,">=2026-07")/COUNTIFS(Data!$B$2:$B$5295,">=2026-07")
B16: Jul-Aug vs Apr-Jun, workload-adjusted | E16: Jul-Aug searches at the baseline rate vs the current rate | H16: current period; baseline comparison on the Completion Curve tab | K16: cost of each extra search; baseline value in E10 above | N16: monthly comparison in the chart below

Sheet Monthly Pivot
A1: OSDD Search Tool - Monthly Performance Pivot
A2: Source: audit log Sheet1 of the shared master tracker. One row = one tool run.
A4: Month | B4: Runs logged | C4: Active analysts | D4: Entities screened | E4: Searches run | F4: Avg entities / run | G4: Avg searches / run | H4: Median time / run (sec) | I4: Avg time / run (sec) | J4: Avg time / run (min) | K4: P90 time / run (sec) | L4: Sec per search (weighted) | M4: Sec per entity (weighted) | N4: Fixed overhead / run (sec) | O4: Marginal sec per search | P4: Fit quality (R2) | Q4: Runs over 5 min | R4: Runs over 10 min | S4: Total tool hours | U4: Chart label
A5: 2026-04 | B5: =COUNTIFS(Data!$B$2:$B$5295,$A5) | C5: =Helper!B72 | D5: =SUMIFS(Data!$G$2:$G$5295,Data!$B$2:$B$5295,$A5) | E5: =SUMIFS(Data!$H$2:$H$5295,Data!$B$2:$B$5295,$A5) | F5: =IFERROR(D5/B5,"") | G5: =IFERROR(E5/B5,"") | H5: =MEDIAN(INDEX(Data!$J$2:$J$5295,MATCH($A5,Data!$B$2:$B$5295,0)):INDEX(Data!$J$2:$J$5295,MATCH($A5,Data!$B$2:$B$5295,0)+COUNTIFS(Data!$B$2:$B$5295,$A5)-1)) | I5: =AVERAGEIFS(Data!$J$2:$J$5295,Data!$B$2:$B$5295,$A5) | J5: =I5/60 | K5: =PERCENTILE(INDEX(Data!$J$2:$J$5295,MATCH($A5,Data!$B$2:$B$5295,0)):INDEX(Data!$J$2:$J$5295,MATCH($A5,Data!$B$2:$B$5295,0)+COUNTIFS(Data!$B$2:$B$5295,$A5)-1),0.9) | L5: =IFERROR(SUMIFS(Data!$P$2:$P$5295,Data!$B$2:$B$5295,$A5)/E5,"") | M5: =IFERROR(SUMIFS(Data!$J$2:$J$5295,Data!$B$2:$B$5295,$A5)/D5,"") | N5: =INTERCEPT(INDEX(Data!$J$2:$J$5295,MATCH($A5,Data!$B$2:$B$5295,0)):INDEX(Data!$J$2:$J$5295,MATCH($A5,Data!$B$2:$B$5295,0)+COUNTIFS(Data!$B$2:$B$5295,$A5)-1),INDEX(Data!$H$2:$H$5295,MATCH($A5,Data!$B$2:$B$5295,0)):INDEX(Data!$H$2:$H$5295,MATCH($A5,Data!$B$2:$B$5295,0)+COUNTIFS(Data!$B$2:$B$5295,$A5)-1)) | O5: =SLOPE(INDEX(Data!$J$2:$J$5295,MATCH($A5,Data!$B$2:$B$5295,0)):INDEX(Data!$J$2:$J$5295,MATCH($A5,Data!$B$2:$B$5295,0)+COUNTIFS(Data!$B$2:$B$5295,$A5)-1),INDEX(Data!$H$2:$H$5295,MATCH($A5,Data!$B$2:$B$5295,0)):INDEX(Data!$H$2:$H$5295,MATCH($A5,Data!$B$2:$B$5295,0)+COUNTIFS(Data!$B$2:$B$5295,$A5)-1)) | P5: =RSQ(INDEX(Data!$J$2:$J$5295,MATCH($A5,Data!$B$2:$B$5295,0)):INDEX(Data!$J$2:$J$5295,MATCH($A5,Data!$B$2:$B$5295,0)+COUNTIFS(Data!$B$2:$B$5295,$A5)-1),INDEX(Data!$H$2:$H$5295,MATCH($A5,Data!$B$2:$B$5295,0)):INDEX(Data!$H$2:$H$5295,MATCH($A5,Data!$B$2:$B$5295,0)+COUNTIFS(Data!$B$2:$B$5295,$A5)-1)) | Q5: =IFERROR(SUMIFS(Data!$N$2:$N$5295,Data!$B$2:$B$5295,$A5)/B5,"") | R5: =IFERROR(SUMIFS(Data!$O$2:$O$5295,Data!$B$2:$B$5295,$A5)/B5,"") | S5: =SUMIFS(Data!$J$2:$J$5295,Data!$B$2:$B$5295,$A5)/3600 | U5: =TEXT(DATEVALUE($A5&"-01"),"MMM-YY")&" (n="&TEXT(B5,"#,##0")&")"
A6: 2026-05 | B6: =COUNTIFS(Data!$B$2:$B$5295,$A6) | C6: =Helper!C72 | D6: =SUMIFS(Data!$G$2:$G$5295,Data!$B$2:$B$5295,$A6) | E6: =SUMIFS(Data!$H$2:$H$5295,Data!$B$2:$B$5295,$A6) | F6: =IFERROR(D6/B6,"") | G6: =IFERROR(E6/B6,"") | H6: =MEDIAN(INDEX(Data!$J$2:$J$5295,MATCH($A6,Data!$B$2:$B$5295,0)):INDEX(Data!$J$2:$J$5295,MATCH($A6,Data!$B$2:$B$5295,0)+COUNTIFS(Data!$B$2:$B$5295,$A6)-1)) | I6: =AVERAGEIFS(Data!$J$2:$J$5295,Data!$B$2:$B$5295,$A6) | J6: =I6/60 | K6: =PERCENTILE(INDEX(Data!$J$2:$J$5295,MATCH($A6,Data!$B$2:$B$5295,0)):INDEX(Data!$J$2:$J$5295,MATCH($A6,Data!$B$2:$B$5295,0)+COUNTIFS(Data!$B$2:$B$5295,$A6)-1),0.9) | L6: =IFERROR(SUMIFS(Data!$P$2:$P$5295,Data!$B$2:$B$5295,$A6)/E6,"") | M6: =IFERROR(SUMIFS(Data!$J$2:$J$5295,Data!$B$2:$B$5295,$A6)/D6,"") | N6: =INTERCEPT(INDEX(Data!$J$2:$J$5295,MATCH($A6,Data!$B$2:$B$5295,0)):INDEX(Data!$J$2:$J$5295,MATCH($A6,Data!$B$2:$B$5295,0)+COUNTIFS(Data!$B$2:$B$5295,$A6)-1),INDEX(Data!$H$2:$H$5295,MATCH($A6,Data!$B$2:$B$5295,0)):INDEX(Data!$H$2:$H$5295,MATCH($A6,Data!$B$2:$B$5295,0)+COUNTIFS(Data!$B$2:$B$5295,$A6)-1)) | O6: =SLOPE(INDEX(Data!$J$2:$J$5295,MATCH($A6,Data!$B$2:$B$5295,0)):INDEX(Data!$J$2:$J$5295,MATCH($A6,Data!$B$2:$B$5295,0)+COUNTIFS(Data!$B$2:$B$5295,$A6)-1),INDEX(Data!$H$2:$H$5295,MATCH($A6,Data!$B$2:$B$5295,0)):INDEX(Data!$H$2:$H$5295,MATCH($A6,Data!$B$2:$B$5295,0)+COUNTIFS(Data!$B$2:$B$5295,$A6)-1)) | P6: =RSQ(INDEX(Data!$J$2:$J$5295,MATCH($A6,Data!$B$2:$B$5295,0)):INDEX(Data!$J$2:$J$5295,MATCH($A6,Data!$B$2:$B$5295,0)+COUNTIFS(Data!$B$2:$B$5295,$A6)-1),INDEX(Data!$H$2:$H$5295,MATCH($A6,Data!$B$2:$B$5295,0)):INDEX(Data!$H$2:$H$5295,MATCH($A6,Data!$B$2:$B$5295,0)+COUNTIFS(Data!$B$2:$B$5295,$A6)-1)) | Q6: =IFERROR(SUMIFS(Data!$N$2:$N$5295,Data!$B$2:$B$5295,$A6)/B6,"") | R6: =IFERROR(SUMIFS(Data!$O$2:$O$5295,Data!$B$2:$B$5295,$A6)/B6,"") | S6: =SUMIFS(Data!$J$2:$J$5295,Data!$B$2:$B$5295,$A6)/3600 | U6: =TEXT(DATEVALUE($A6&"-01"),"MMM-YY")&" (n="&TEXT(B6,"#,##0")&")"
A7: 2026-06 | B7: =COUNTIFS(Data!$B$2:$B$5295,$A7) | C7: =Helper!D72 | D7: =SUMIFS(Data!$G$2:$G$5295,Data!$B$2:$B$5295,$A7) | E7: =SUMIFS(Data!$H$2:$H$5295,Data!$B$2:$B$5295,$A7) | F7: =IFERROR(D7/B7,"") | G7: =IFERROR(E7/B7,"") | H7: =MEDIAN(INDEX(Data!$J$2:$J$5295,MATCH($A7,Data!$B$2:$B$5295,0)):INDEX(Data!$J$2:$J$5295,MATCH($A7,Data!$B$2:$B$5295,0)+COUNTIFS(Data!$B$2:$B$5295,$A7)-1)) | I7: =AVERAGEIFS(Data!$J$2:$J$5295,Data!$B$2:$B$5295,$A7) | J7: =I7/60 | K7: =PERCENTILE(INDEX(Data!$J$2:$J$5295,MATCH($A7,Data!$B$2:$B$5295,0)):INDEX(Data!$J$2:$J$5295,MATCH($A7,Data!$B$2:$B$5295,0)+COUNTIFS(Data!$B$2:$B$5295,$A7)-1),0.9) | L7: =IFERROR(SUMIFS(Data!$P$2:$P$5295,Data!$B$2:$B$5295,$A7)/E7,"") | M7: =IFERROR(SUMIFS(Data!$J$2:$J$5295,Data!$B$2:$B$5295,$A7)/D7,"") | N7: =INTERCEPT(INDEX(Data!$J$2:$J$5295,MATCH($A7,Data!$B$2:$B$5295,0)):INDEX(Data!$J$2:$J$5295,MATCH($A7,Data!$B$2:$B$5295,0)+COUNTIFS(Data!$B$2:$B$5295,$A7)-1),INDEX(Data!$H$2:$H$5295,MATCH($A7,Data!$B$2:$B$5295,0)):INDEX(Data!$H$2:$H$5295,MATCH($A7,Data!$B$2:$B$5295,0)+COUNTIFS(Data!$B$2:$B$5295,$A7)-1)) | O7: =SLOPE(INDEX(Data!$J$2:$J$5295,MATCH($A7,Data!$B$2:$B$5295,0)):INDEX(Data!$J$2:$J$5295,MATCH($A7,Data!$B$2:$B$5295,0)+COUNTIFS(Data!$B$2:$B$5295,$A7)-1),INDEX(Data!$H$2:$H$5295,MATCH($A7,Data!$B$2:$B$5295,0)):INDEX(Data!$H$2:$H$5295,MATCH($A7,Data!$B$2:$B$5295,0)+COUNTIFS(Data!$B$2:$B$5295,$A7)-1)) | P7: =RSQ(INDEX(Data!$J$2:$J$5295,MATCH($A7,Data!$B$2:$B$5295,0)):INDEX(Data!$J$2:$J$5295,MATCH($A7,Data!$B$2:$B$5295,0)+COUNTIFS(Data!$B$2:$B$5295,$A7)-1),INDEX(Data!$H$2:$H$5295,MATCH($A7,Data!$B$2:$B$5295,0)):INDEX(Data!$H$2:$H$5295,MATCH($A7,Data!$B$2:$B$5295,0)+COUNTIFS(Data!$B$2:$B$5295,$A7)-1)) | Q7: =IFERROR(SUMIFS(Data!$N$2:$N$5295,Data!$B$2:$B$5295,$A7)/B7,"") | R7: =IFERROR(SUMIFS(Data!$O$2:$O$5295,Data!$B$2:$B$5295,$A7)/B7,"") | S7: =SUMIFS(Data!$J$2:$J$5295,Data!$B$2:$B$5295,$A7)/3600 | U7: =TEXT(DATEVALUE($A7&"-01"),"MMM-YY")&" (n="&TEXT(B7,"#,##0")&")"
A8: 2026-07 | B8: =COUNTIFS(Data!$B$2:$B$5295,$A8) | C8: =Helper!E72 | D8: =SUMIFS(Data!$G$2:$G$5295,Data!$B$2:$B$5295,$A8) | E8: =SUMIFS(Data!$H$2:$H$5295,Data!$B$2:$B$5295,$A8) | F8: =IFERROR(D8/B8,"") | G8: =IFERROR(E8/B8,"") | H8: =MEDIAN(INDEX(Data!$J$2:$J$5295,MATCH($A8,Data!$B$2:$B$5295,0)):INDEX(Data!$J$2:$J$5295,MATCH($A8,Data!$B$2:$B$5295,0)+COUNTIFS(Data!$B$2:$B$5295,$A8)-1)) | I8: =AVERAGEIFS(Data!$J$2:$J$5295,Data!$B$2:$B$5295,$A8) | J8: =I8/60 | K8: =PERCENTILE(INDEX(Data!$J$2:$J$5295,MATCH($A8,Data!$B$2:$B$5295,0)):INDEX(Data!$J$2:$J$5295,MATCH($A8,Data!$B$2:$B$5295,0)+COUNTIFS(Data!$B$2:$B$5295,$A8)-1),0.9) | L8: =IFERROR(SUMIFS(Data!$P$2:$P$5295,Data!$B$2:$B$5295,$A8)/E8,"") | M8: =IFERROR(SUMIFS(Data!$J$2:$J$5295,Data!$B$2:$B$5295,$A8)/D8,"") | N8: =INTERCEPT(INDEX(Data!$J$2:$J$5295,MATCH($A8,Data!$B$2:$B$5295,0)):INDEX(Data!$J$2:$J$5295,MATCH($A8,Data!$B$2:$B$5295,0)+COUNTIFS(Data!$B$2:$B$5295,$A8)-1),INDEX(Data!$H$2:$H$5295,MATCH($A8,Data!$B$2:$B$5295,0)):INDEX(Data!$H$2:$H$5295,MATCH($A8,Data!$B$2:$B$5295,0)+COUNTIFS(Data!$B$2:$B$5295,$A8)-1)) | O8: =SLOPE(INDEX(Data!$J$2:$J$5295,MATCH($A8,Data!$B$2:$B$5295,0)):INDEX(Data!$J$2:$J$5295,MATCH($A8,Data!$B$2:$B$5295,0)+COUNTIFS(Data!$B$2:$B$5295,$A8)-1),INDEX(Data!$H$2:$H$5295,MATCH($A8,Data!$B$2:$B$5295,0)):INDEX(Data!$H$2:$H$5295,MATCH($A8,Data!$B$2:$B$5295,0)+COUNTIFS(Data!$B$2:$B$5295,$A8)-1)) | P8: =RSQ(INDEX(Data!$J$2:$J$5295,MATCH($A8,Data!$B$2:$B$5295,0)):INDEX(Data!$J$2:$J$5295,MATCH($A8,Data!$B$2:$B$5295,0)+COUNTIFS(Data!$B$2:$B$5295,$A8)-1),INDEX(Data!$H$2:$H$5295,MATCH($A8,Data!$B$2:$B$5295,0)):INDEX(Data!$H$2:$H$5295,MATCH($A8,Data!$B$2:$B$5295,0)+COUNTIFS(Data!$B$2:$B$5295,$A8)-1)) | Q8: =IFERROR(SUMIFS(Data!$N$2:$N$5295,Data!$B$2:$B$5295,$A8)/B8,"") | R8: =IFERROR(SUMIFS(Data!$O$2:$O$5295,Data!$B$2:$B$5295,$A8)/B8,"") | S8: =SUMIFS(Data!$J$2:$J$5295,Data!$B$2:$B$5295,$A8)/3600 | U8: =TEXT(DATEVALUE($A8&"-01"),"MMM-YY")&" (n="&TEXT(B8,"#,##0")&")"
A9: 2026-08 | B9: =COUNTIFS(Data!$B$2:$B$5295,$A9) | C9: =Helper!F72 | D9: =SUMIFS(Data!$G$2:$G$5295,Data!$B$2:$B$5295,$A9) | E9: =SUMIFS(Data!$H$2:$H$5295,Data!$B$2:$B$5295,$A9) | F9: =IFERROR(D9/B9,"") | G9: =IFERROR(E9/B9,"") | H9: =MEDIAN(INDEX(Data!$J$2:$J$5295,MATCH($A9,Data!$B$2:$B$5295,0)):INDEX(Data!$J$2:$J$5295,MATCH($A9,Data!$B$2:$B$5295,0)+COUNTIFS(Data!$B$2:$B$5295,$A9)-1)) | I9: =AVERAGEIFS(Data!$J$2:$J$5295,Data!$B$2:$B$5295,$A9) | J9: =I9/60 | K9: =PERCENTILE(INDEX(Data!$J$2:$J$5295,MATCH($A9,Data!$B$2:$B$5295,0)):INDEX(Data!$J$2:$J$5295,MATCH($A9,Data!$B$2:$B$5295,0)+COUNTIFS(Data!$B$2:$B$5295,$A9)-1),0.9) | L9: =IFERROR(SUMIFS(Data!$P$2:$P$5295,Data!$B$2:$B$5295,$A9)/E9,"") | M9: =IFERROR(SUMIFS(Data!$J$2:$J$5295,Data!$B$2:$B$5295,$A9)/D9,"") | N9: =INTERCEPT(INDEX(Data!$J$2:$J$5295,MATCH($A9,Data!$B$2:$B$5295,0)):INDEX(Data!$J$2:$J$5295,MATCH($A9,Data!$B$2:$B$5295,0)+COUNTIFS(Data!$B$2:$B$5295,$A9)-1),INDEX(Data!$H$2:$H$5295,MATCH($A9,Data!$B$2:$B$5295,0)):INDEX(Data!$H$2:$H$5295,MATCH($A9,Data!$B$2:$B$5295,0)+COUNTIFS(Data!$B$2:$B$5295,$A9)-1)) | O9: =SLOPE(INDEX(Data!$J$2:$J$5295,MATCH($A9,Data!$B$2:$B$5295,0)):INDEX(Data!$J$2:$J$5295,MATCH($A9,Data!$B$2:$B$5295,0)+COUNTIFS(Data!$B$2:$B$5295,$A9)-1),INDEX(Data!$H$2:$H$5295,MATCH($A9,Data!$B$2:$B$5295,0)):INDEX(Data!$H$2:$H$5295,MATCH($A9,Data!$B$2:$B$5295,0)+COUNTIFS(Data!$B$2:$B$5295,$A9)-1)) | P9: =RSQ(INDEX(Data!$J$2:$J$5295,MATCH($A9,Data!$B$2:$B$5295,0)):INDEX(Data!$J$2:$J$5295,MATCH($A9,Data!$B$2:$B$5295,0)+COUNTIFS(Data!$B$2:$B$5295,$A9)-1),INDEX(Data!$H$2:$H$5295,MATCH($A9,Data!$B$2:$B$5295,0)):INDEX(Data!$H$2:$H$5295,MATCH($A9,Data!$B$2:$B$5295,0)+COUNTIFS(Data!$B$2:$B$5295,$A9)-1)) | Q9: =IFERROR(SUMIFS(Data!$N$2:$N$5295,Data!$B$2:$B$5295,$A9)/B9,"") | R9: =IFERROR(SUMIFS(Data!$O$2:$O$5295,Data!$B$2:$B$5295,$A9)/B9,"") | S9: =SUMIFS(Data!$J$2:$J$5295,Data!$B$2:$B$5295,$A9)/3600 | U9: =TEXT(DATEVALUE($A9&"-01"),"MMM-YY")&" (n="&TEXT(B9,"#,##0")&")"
A10: All months | B10: =SUM(B5:B9) | C10: =COUNTIF(Helper!$A$2:$A$70,"<>") | D10: =SUM(D5:D9) | E10: =SUM(E5:E9) | F10: =D10/B10 | G10: =E10/B10 | H10: =MEDIAN(Data!$J$2:$J$5295) | I10: =AVERAGE(Data!$J$2:$J$5295) | J10: =I10/60 | K10: =PERCENTILE(Data!$J$2:$J$5295,0.9) | L10: =SUM(Data!$P$2:$P$5295)/E10 | M10: =SUM(Data!$J$2:$J$5295)/D10 | N10: =INTERCEPT(Data!$J$2:$J$5295,Data!$H$2:$H$5295) | O10: =SLOPE(Data!$J$2:$J$5295,Data!$H$2:$H$5295) | P10: =RSQ(Data!$J$2:$J$5295,Data!$H$2:$H$5295) | Q10: =SUM(Data!$N$2:$N$5295)/B10 | R10: =SUM(Data!$O$2:$O$5295)/B10 | S10: =SUM(S5:S9)
A12: Definitions
A13: - Median / average / P90 time per run are the same measure at three points of the distribution, shown smallest to largest. P90 means 9 runs in 10 finished faster than this value.
A14: - Sec per search (weighted) = total run seconds / total searches. Sec per entity (weighted) = total run seconds / total entities. Both normalise for the fact that case size changed over the period.
A15: - Fixed overhead / run and Marginal sec per search come from a least-squares fit of run duration against the number of searches in that run (INTERCEPT and SLOPE). Fixed overhead is the part of a run that does not depend on search count - launch, sign-in, file handling. Marginal sec per search is the cost of each additional search.
A16: - Fit quality (R2) is how much of the variation in run duration the search count explains. Values near 1 mean run time is almost entirely driven by search volume.
A17: - Runs over 5 / 10 min = share of that month's runs exceeding those durations.
A18: - Apr-2026 covers two days and 22 runs; sample sizes are shown in the chart labels so small months are not read as trend.
A19: - Aug-2026 covers 01-07 Aug 2026 only; monthly volumes for that month are partial.
A20: - 96 source rows logged a timestamp but no run detail and are excluded (see Notes & Method).

Sheet Completion Curve
A1: How long an analyst waits for a run to finish
A2: Cumulative share of runs completing within each duration. Baseline = Apr-Jun 2026, Current = Jul-Aug 2026.
A4: Completed within | B4: Baseline Apr-Jun | C4: Current Jul-Aug | D4: Change (pp)
A5: 30 sec | B5: =COUNTIFS(Data!$J$2:$J$5295,"<="&30,Data!$B$2:$B$5295,"<=2026-06")/COUNTIFS(Data!$B$2:$B$5295,"<=2026-06") | C5: =COUNTIFS(Data!$J$2:$J$5295,"<="&30,Data!$B$2:$B$5295,">=2026-07")/COUNTIFS(Data!$B$2:$B$5295,">=2026-07") | D5: =C5-B5
A6: 1 min | B6: =COUNTIFS(Data!$J$2:$J$5295,"<="&60,Data!$B$2:$B$5295,"<=2026-06")/COUNTIFS(Data!$B$2:$B$5295,"<=2026-06") | C6: =COUNTIFS(Data!$J$2:$J$5295,"<="&60,Data!$B$2:$B$5295,">=2026-07")/COUNTIFS(Data!$B$2:$B$5295,">=2026-07") | D6: =C6-B6
A7: 1.5 min | B7: =COUNTIFS(Data!$J$2:$J$5295,"<="&90,Data!$B$2:$B$5295,"<=2026-06")/COUNTIFS(Data!$B$2:$B$5295,"<=2026-06") | C7: =COUNTIFS(Data!$J$2:$J$5295,"<="&90,Data!$B$2:$B$5295,">=2026-07")/COUNTIFS(Data!$B$2:$B$5295,">=2026-07") | D7: =C7-B7
A8: 2 min | B8: =COUNTIFS(Data!$J$2:$J$5295,"<="&120,Data!$B$2:$B$5295,"<=2026-06")/COUNTIFS(Data!$B$2:$B$5295,"<=2026-06") | C8: =COUNTIFS(Data!$J$2:$J$5295,"<="&120,Data!$B$2:$B$5295,">=2026-07")/COUNTIFS(Data!$B$2:$B$5295,">=2026-07") | D8: =C8-B8
A9: 3 min | B9: =COUNTIFS(Data!$J$2:$J$5295,"<="&180,Data!$B$2:$B$5295,"<=2026-06")/COUNTIFS(Data!$B$2:$B$5295,"<=2026-06") | C9: =COUNTIFS(Data!$J$2:$J$5295,"<="&180,Data!$B$2:$B$5295,">=2026-07")/COUNTIFS(Data!$B$2:$B$5295,">=2026-07") | D9: =C9-B9
A10: 4 min | B10: =COUNTIFS(Data!$J$2:$J$5295,"<="&240,Data!$B$2:$B$5295,"<=2026-06")/COUNTIFS(Data!$B$2:$B$5295,"<=2026-06") | C10: =COUNTIFS(Data!$J$2:$J$5295,"<="&240,Data!$B$2:$B$5295,">=2026-07")/COUNTIFS(Data!$B$2:$B$5295,">=2026-07") | D10: =C10-B10
A11: 5 min | B11: =COUNTIFS(Data!$J$2:$J$5295,"<="&300,Data!$B$2:$B$5295,"<=2026-06")/COUNTIFS(Data!$B$2:$B$5295,"<=2026-06") | C11: =COUNTIFS(Data!$J$2:$J$5295,"<="&300,Data!$B$2:$B$5295,">=2026-07")/COUNTIFS(Data!$B$2:$B$5295,">=2026-07") | D11: =C11-B11
A12: 10 min | B12: =COUNTIFS(Data!$J$2:$J$5295,"<="&600,Data!$B$2:$B$5295,"<=2026-06")/COUNTIFS(Data!$B$2:$B$5295,"<=2026-06") | C12: =COUNTIFS(Data!$J$2:$J$5295,"<="&600,Data!$B$2:$B$5295,">=2026-07")/COUNTIFS(Data!$B$2:$B$5295,">=2026-07") | D12: =C12-B12
A13: 15 min | B13: =COUNTIFS(Data!$J$2:$J$5295,"<="&900,Data!$B$2:$B$5295,"<=2026-06")/COUNTIFS(Data!$B$2:$B$5295,"<=2026-06") | C13: =COUNTIFS(Data!$J$2:$J$5295,"<="&900,Data!$B$2:$B$5295,">=2026-07")/COUNTIFS(Data!$B$2:$B$5295,">=2026-07") | D13: =C13-B13

Sheet Weekly Trend
A1: Week-by-week volume and efficiency
A3: Week starting | B3: Runs | C3: Searches | D3: Sec per search (weighted) | E3: Avg time / run (sec)
A4: 46139 | B4: =COUNTIFS(Data!$D$2:$D$5295,$A4) | C4: =SUMIFS(Data!$H$2:$H$5295,Data!$D$2:$D$5295,$A4) | D4: =IFERROR(SUMIFS(Data!$P$2:$P$5295,Data!$D$2:$D$5295,$A4)/C4,"") | E4: =IFERROR(AVERAGEIFS(Data!$J$2:$J$5295,Data!$D$2:$D$5295,$A4),"")
A5: 46146 | B5: =COUNTIFS(Data!$D$2:$D$5295,$A5) | C5: =SUMIFS(Data!$H$2:$H$5295,Data!$D$2:$D$5295,$A5) | D5: =IFERROR(SUMIFS(Data!$P$2:$P$5295,Data!$D$2:$D$5295,$A5)/C5,"") | E5: =IFERROR(AVERAGEIFS(Data!$J$2:$J$5295,Data!$D$2:$D$5295,$A5),"")
A6: 46153 | B6: =COUNTIFS(Data!$D$2:$D$5295,$A6) | C6: =SUMIFS(Data!$H$2:$H$5295,Data!$D$2:$D$5295,$A6) | D6: =IFERROR(SUMIFS(Data!$P$2:$P$5295,Data!$D$2:$D$5295,$A6)/C6,"") | E6: =IFERROR(AVERAGEIFS(Data!$J$2:$J$5295,Data!$D$2:$D$5295,$A6),"")
A7: 46160 | B7: =COUNTIFS(Data!$D$2:$D$5295,$A7) | C7: =SUMIFS(Data!$H$2:$H$5295,Data!$D$2:$D$5295,$A7) | D7: =IFERROR(SUMIFS(Data!$P$2:$P$5295,Data!$D$2:$D$5295,$A7)/C7,"") | E7: =IFERROR(AVERAGEIFS(Data!$J$2:$J$5295,Data!$D$2:$D$5295,$A7),"")
A8: 46167 | B8: =COUNTIFS(Data!$D$2:$D$5295,$A8) | C8: =SUMIFS(Data!$H$2:$H$5295,Data!$D$2:$D$5295,$A8) | D8: =IFERROR(SUMIFS(Data!$P$2:$P$5295,Data!$D$2:$D$5295,$A8)/C8,"") | E8: =IFERROR(AVERAGEIFS(Data!$J$2:$J$5295,Data!$D$2:$D$5295,$A8),"")
A9: 46174 | B9: =COUNTIFS(Data!$D$2:$D$5295,$A9) | C9: =SUMIFS(Data!$H$2:$H$5295,Data!$D$2:$D$5295,$A9) | D9: =IFERROR(SUMIFS(Data!$P$2:$P$5295,Data!$D$2:$D$5295,$A9)/C9,"") | E9: =IFERROR(AVERAGEIFS(Data!$J$2:$J$5295,Data!$D$2:$D$5295,$A9),"")
A10: 46181 | B10: =COUNTIFS(Data!$D$2:$D$5295,$A10) | C10: =SUMIFS(Data!$H$2:$H$5295,Data!$D$2:$D$5295,$A10) | D10: =IFERROR(SUMIFS(Data!$P$2:$P$5295,Data!$D$2:$D$5295,$A10)/C10,"") | E10: =IFERROR(AVERAGEIFS(Data!$J$2:$J$5295,Data!$D$2:$D$5295,$A10),"")
A11: 46188 | B11: =COUNTIFS(Data!$D$2:$D$5295,$A11) | C11: =SUMIFS(Data!$H$2:$H$5295,Data!$D$2:$D$5295,$A11) | D11: =IFERROR(SUMIFS(Data!$P$2:$P$5295,Data!$D$2:$D$5295,$A11)/C11,"") | E11: =IFERROR(AVERAGEIFS(Data!$J$2:$J$5295,Data!$D$2:$D$5295,$A11),"")
A12: 46195 | B12: =COUNTIFS(Data!$D$2:$D$5295,$A12) | C12: =SUMIFS(Data!$H$2:$H$5295,Data!$D$2:$D$5295,$A12) | D12: =IFERROR(SUMIFS(Data!$P$2:$P$5295,Data!$D$2:$D$5295,$A12)/C12,"") | E12: =IFERROR(AVERAGEIFS(Data!$J$2:$J$5295,Data!$D$2:$D$5295,$A12),"")
A13: 46202 | B13: =COUNTIFS(Data!$D$2:$D$5295,$A13) | C13: =SUMIFS(Data!$H$2:$H$5295,Data!$D$2:$D$5295,$A13) | D13: =IFERROR(SUMIFS(Data!$P$2:$P$5295,Data!$D$2:$D$5295,$A13)/C13,"") | E13: =IFERROR(AVERAGEIFS(Data!$J$2:$J$5295,Data!$D$2:$D$5295,$A13),"")
A14: 46209 | B14: =COUNTIFS(Data!$D$2:$D$5295,$A14) | C14: =SUMIFS(Data!$H$2:$H$5295,Data!$D$2:$D$5295,$A14) | D14: =IFERROR(SUMIFS(Data!$P$2:$P$5295,Data!$D$2:$D$5295,$A14)/C14,"") | E14: =IFERROR(AVERAGEIFS(Data!$J$2:$J$5295,Data!$D$2:$D$5295,$A14),"")
A15: 46216 | B15: =COUNTIFS(Data!$D$2:$D$5295,$A15) | C15: =SUMIFS(Data!$H$2:$H$5295,Data!$D$2:$D$5295,$A15) | D15: =IFERROR(SUMIFS(Data!$P$2:$P$5295,Data!$D$2:$D$5295,$A15)/C15,"") | E15: =IFERROR(AVERAGEIFS(Data!$J$2:$J$5295,Data!$D$2:$D$5295,$A15),"")
... A18: 46237 | B18: =COUNTIFS(Data!$D$2:$D$5295,$A18) | C18: =SUMIFS(Data!$H$2:$H$5295,Data!$D$2:$D$5295,$A18) | D18: =IFERROR(SUMIFS(Data!$P$2:$P$5295,Data!$D$2:$D$5295,$A18)/C18,"") | E18: =IFERROR(AVERAGEIFS(Data!$J$2:$J$5295,Data!$D$2:$D$5295,$A18),"")

Sheet Release Impact
A1: Performance by tool version
A3: Tool version | B3: First logged | C3: Last logged | D3: Runs | E3: Searches | F3: Avg searches / run | G3: Sec per search (weighted) | H3: Avg time / run (sec) | I3: Runs over 5 min
A4: 2.4.1 | B4: 46142.09 | C4: 46143.018 | D4: =COUNTIFS(Data!$M$2:$M$5295,$A4) | E4: =SUMIFS(Data!$H$2:$H$5295,Data!$M$2:$M$5295,$A4) | F4: =IFERROR(E4/D4,"") | G4: =IFERROR(SUMIFS(Data!$P$2:$P$5295,Data!$M$2:$M$5295,$A4)/E4,"") | H4: =IFERROR(AVERAGEIFS(Data!$J$2:$J$5295,Data!$M$2:$M$5295,$A4),"") | I4: =IFERROR(SUMIFS(Data!$N$2:$N$5295,Data!$M$2:$M$5295,$A4)/D4,"")
A5: 2.5.12 | B5: 46146.113 | C5: 46240.561 | D5: =COUNTIFS(Data!$M$2:$M$5295,$A5) | E5: =SUMIFS(Data!$H$2:$H$5295,Data!$M$2:$M$5295,$A5) | F5: =IFERROR(E5/D5,"") | G5: =IFERROR(SUMIFS(Data!$P$2:$P$5295,Data!$M$2:$M$5295,$A5)/E5,"") | H5: =IFERROR(AVERAGEIFS(Data!$J$2:$J$5295,Data!$M$2:$M$5295,$A5),"") | I5: =IFERROR(SUMIFS(Data!$N$2:$N$5295,Data!$M$2:$M$5295,$A5)/D5,"")
A6: 2.5.9 | B6: 46146.317 | C6: 46146.317 | D6: =COUNTIFS(Data!$M$2:$M$5295,$A6) | E6: =SUMIFS(Data!$H$2:$H$5295,Data!$M$2:$M$5295,$A6) | F6: =IFERROR(E6/D6,"") | G6: =IFERROR(SUMIFS(Data!$P$2:$P$5295,Data!$M$2:$M$5295,$A6)/E6,"") | H6: =IFERROR(AVERAGEIFS(Data!$J$2:$J$5295,Data!$M$2:$M$5295,$A6),"") | I6: =IFERROR(SUMIFS(Data!$N$2:$N$5295,Data!$M$2:$M$5295,$A6)/D6,"")
A7: 2.5.10 | B7: 46146.329 | C7: 46146.329 | D7: =COUNTIFS(Data!$M$2:$M$5295,$A7) | E7: =SUMIFS(Data!$H$2:$H$5295,Data!$M$2:$M$5295,$A7) | F7: =IFERROR(E7/D7,"") | G7: =IFERROR(SUMIFS(Data!$P$2:$P$5295,Data!$M$2:$M$5295,$A7)/E7,"") | H7: =IFERROR(AVERAGEIFS(Data!$J$2:$J$5295,Data!$M$2:$M$5295,$A7),"") | I7: =IFERROR(SUMIFS(Data!$N$2:$N$5295,Data!$M$2:$M$5295,$A7)/D7,"")
A8: 2.5.11 | B8: 46146.347 | C8: 46146.347 | D8: =COUNTIFS(Data!$M$2:$M$5295,$A8) | E8: =SUMIFS(Data!$H$2:$H$5295,Data!$M$2:$M$5295,$A8) | F8: =IFERROR(E8/D8,"") | G8: =IFERROR(SUMIFS(Data!$P$2:$P$5295,Data!$M$2:$M$5295,$A8)/E8,"") | H8: =IFERROR(AVERAGEIFS(Data!$J$2:$J$5295,Data!$M$2:$M$5295,$A8),"") | I8: =IFERROR(SUMIFS(Data!$N$2:$N$5295,Data!$M$2:$M$5295,$A8)/D8,"")
A9: 2.6.0 | B9: 46230.377 | C9: 46230.739 | D9: =COUNTIFS(Data!$M$2:$M$5295,$A9) | E9: =SUMIFS(Data!$H$2:$H$5295,Data!$M$2:$M$5295,$A9) | F9: =IFERROR(E9/D9,"") | G9: =IFERROR(SUMIFS(Data!$P$2:$P$5295,Data!$M$2:$M$5295,$A9)/E9,"") | H9: =IFERROR(AVERAGEIFS(Data!$J$2:$J$5295,Data!$M$2:$M$5295,$A9),"") | I9: =IFERROR(SUMIFS(Data!$N$2:$N$5295,Data!$M$2:$M$5295,$A9)/D9,"")
A10: 3.4 | B10: 46230.764 | C10: 46240.711 | D10: =COUNTIFS(Data!$M$2:$M$5295,$A10) | E10: =SUMIFS(Data!$H$2:$H$5295,Data!$M$2:$M$5295,$A10) | F10: =IFERROR(E10/D10,"") | G10: =IFERROR(SUMIFS(Data!$P$2:$P$5295,Data!$M$2:$M$5295,$A10)/E10,"") | H10: =IFERROR(AVERAGEIFS(Data!$J$2:$J$5295,Data!$M$2:$M$5295,$A10),"") | I10: =IFERROR(SUMIFS(Data!$N$2:$N$5295,Data!$M$2:$M$5295,$A10)/D10,"")
A11: 3.5 | B11: 46233.469 | C11: 46241.527 | D11: =COUNTIFS(Data!$M$2:$M$5295,$A11) | E11: =SUMIFS(Data!$H$2:$H$5295,Data!$M$2:$M$5295,$A11) | F11: =IFERROR(E11/D11,"") | G11: =IFERROR(SUMIFS(Data!$P$2:$P$5295,Data!$M$2:$M$5295,$A11)/E11,"") | H11: =IFERROR(AVERAGEIFS(Data!$J$2:$J$5295,Data!$M$2:$M$5295,$A11),"") | I11: =IFERROR(SUMIFS(Data!$N$2:$N$5295,Data!$M$2:$M$5295,$A11)/D11,"")
A14: Versions with 20 or more logged runs - chart source
A15: Tool version | B15: Sec per search (weighted) | C15: Avg time / run (sec) | D15: Chart label
A16: 2.4.1 | B16: =IFERROR(SUMIFS(Data!$P$2:$P$5295,Data!$M$2:$M$5295,$A16)/SUMIFS(Data!$H$2:$H$5295,Data!$M$2:$M$5295,$A16),"") | C16: =IFERROR(AVERAGEIFS(Data!$J$2:$J$5295,Data!$M$2:$M$5295,$A16),"") | D16: =$A16&" (n="&TEXT(COUNTIFS(Data!$M$2:$M$5295,$A16),"#,##0")&")"
A17: 2.5.12 | B17: =IFERROR(SUMIFS(Data!$P$2:$P$5295,Data!$M$2:$M$5295,$A17)/SUMIFS(Data!$H$2:$H$5295,Data!$M$2:$M$5295,$A17),"") | C17: =IFERROR(AVERAGEIFS(Data!$J$2:$J$5295,Data!$M$2:$M$5295,$A17),"") | D17: =$A17&" (n="&TEXT(COUNTIFS(Data!$M$2:$M$5295,$A17),"#,##0")&")"
A18: 3.4 | B18: =IFERROR(SUMIFS(Data!$P$2:$P$5295,Data!$M$2:$M$5295,$A18)/SUMIFS(Data!$H$2:$H$5295,Data!$M$2:$M$5295,$A18),"") | C18: =IFERROR(AVERAGEIFS(Data!$J$2:$J$5295,Data!$M$2:$M$5295,$A18),"") | D18: =$A18&" (n="&TEXT(COUNTIFS(Data!$M$2:$M$5295,$A18),"#,##0")&")"
A19: 3.5 | B19: =IFERROR(SUMIFS(Data!$P$2:$P$5295,Data!$M$2:$M$5295,$A19)/SUMIFS(Data!$H$2:$H$5295,Data!$M$2:$M$5295,$A19),"") | C19: =IFERROR(AVERAGEIFS(Data!$J$2:$J$5295,Data!$M$2:$M$5295,$A19),"") | D19: =$A19&" (n="&TEXT(COUNTIFS(Data!$M$2:$M$5295,$A19),"#,##0")&")"
A21: Versions 2.5.9, 2.5.10, 2.5.11 and 2.6.0 have fewer than 20 logged runs each (pilot and rollback traffic) and are listed above for completeness only.

Sheet Load Profile
A1: Does the tool slow down when more analysts run it at once?
A2: Each run is grouped by how many runs were logged across the estate in that same clock hour, then compared on seconds per search. A flat line means concurrency is not degrading performance.
A4: Runs in the same hour | B4: Baseline sec per search | C4: Current sec per search | D4: Baseline runs | E4: Current runs
A5: 1-2 | B5: =IFERROR(SUMIFS(Data!$P$2:$P$5295,Data!$S$2:$S$5295,$A5,Data!$B$2:$B$5295,"<=2026-06")/SUMIFS(Data!$H$2:$H$5295,Data!$S$2:$S$5295,$A5,Data!$B$2:$B$5295,"<=2026-06"),"") | C5: =IFERROR(SUMIFS(Data!$P$2:$P$5295,Data!$S$2:$S$5295,$A5,Data!$B$2:$B$5295,">=2026-07")/SUMIFS(Data!$H$2:$H$5295,Data!$S$2:$S$5295,$A5,Data!$B$2:$B$5295,">=2026-07"),"") | D5: =COUNTIFS(Data!$S$2:$S$5295,$A5,Data!$B$2:$B$5295,"<=2026-06") | E5: =COUNTIFS(Data!$S$2:$S$5295,$A5,Data!$B$2:$B$5295,">=2026-07")
A6: 3-5 | B6: =IFERROR(SUMIFS(Data!$P$2:$P$5295,Data!$S$2:$S$5295,$A6,Data!$B$2:$B$5295,"<=2026-06")/SUMIFS(Data!$H$2:$H$5295,Data!$S$2:$S$5295,$A6,Data!$B$2:$B$5295,"<=2026-06"),"") | C6: =IFERROR(SUMIFS(Data!$P$2:$P$5295,Data!$S$2:$S$5295,$A6,Data!$B$2:$B$5295,">=2026-07")/SUMIFS(Data!$H$2:$H$5295,Data!$S$2:$S$5295,$A6,Data!$B$2:$B$5295,">=2026-07"),"") | D6: =COUNTIFS(Data!$S$2:$S$5295,$A6,Data!$B$2:$B$5295,"<=2026-06") | E6: =COUNTIFS(Data!$S$2:$S$5295,$A6,Data!$B$2:$B$5295,">=2026-07")
A7: 6-10 | B7: =IFERROR(SUMIFS(Data!$P$2:$P$5295,Data!$S$2:$S$5295,$A7,Data!$B$2:$B$5295,"<=2026-06")/SUMIFS(Data!$H$2:$H$5295,Data!$S$2:$S$5295,$A7,Data!$B$2:$B$5295,"<=2026-06"),"") | C7: =IFERROR(SUMIFS(Data!$P$2:$P$5295,Data!$S$2:$S$5295,$A7,Data!$B$2:$B$5295,">=2026-07")/SUMIFS(Data!$H$2:$H$5295,Data!$S$2:$S$5295,$A7,Data!$B$2:$B$5295,">=2026-07"),"") | D7: =COUNTIFS(Data!$S$2:$S$5295,$A7,Data!$B$2:$B$5295,"<=2026-06") | E7: =COUNTIFS(Data!$S$2:$S$5295,$A7,Data!$B$2:$B$5295,">=2026-07")
A8: 11+ | B8: =IFERROR(SUMIFS(Data!$P$2:$P$5295,Data!$S$2:$S$5295,$A8,Data!$B$2:$B$5295,"<=2026-06")/SUMIFS(Data!$H$2:$H$5295,Data!$S$2:$S$5295,$A8,Data!$B$2:$B$5295,"<=2026-06"),"") | C8: =IFERROR(SUMIFS(Data!$P$2:$P$5295,Data!$S$2:$S$5295,$A8,Data!$B$2:$B$5295,">=2026-07")/SUMIFS(Data!$H$2:$H$5295,Data!$S$2:$S$5295,$A8,Data!$B$2:$B$5295,">=2026-07"),"") | D8: =COUNTIFS(Data!$S$2:$S$5295,$A8,Data!$B$2:$B$5295,"<=2026-06") | E8: =COUNTIFS(Data!$S$2:$S$5295,$A8,Data!$B$2:$B$5295,">=2026-07")
A10: Concurrency is measured from the audit log timestamps, so it reflects logged runs across the estate rather than confirmed simultaneous sessions.

Sheet Analyst Adoption
A1: Usage by analyst
A2: Sorted by runs logged. Case mix and entity counts differ by analyst, so this is a coverage and volume view rather than a comparison of individual performance.
A4: Analyst ID | B4: Runs | C4: Searches | D4: Entities | E4: Avg searches / run | F4: Sec per search (weighted) | G4: Avg time / run (sec) | H4: Tool hours consumed
A5: ssaha | B5: =COUNTIFS(Data!$E$2:$E$5295,$A5) | C5: =SUMIFS(Data!$H$2:$H$5295,Data!$E$2:$E$5295,$A5) | D5: =SUMIFS(Data!$G$2:$G$5295,Data!$E$2:$E$5295,$A5) | E5: =IFERROR(C5/B5,"") | F5: =IFERROR(SUMIFS(Data!$P$2:$P$5295,Data!$E$2:$E$5295,$A5)/C5,"") | G5: =IFERROR(AVERAGEIFS(Data!$J$2:$J$5295,Data!$E$2:$E$5295,$A5),"") | H5: =SUMIFS(Data!$J$2:$J$5295,Data!$E$2:$E$5295,$A5)/3600
A6: dchoudhury | B6: =COUNTIFS(Data!$E$2:$E$5295,$A6) | C6: =SUMIFS(Data!$H$2:$H$5295,Data!$E$2:$E$5295,$A6) | D6: =SUMIFS(Data!$G$2:$G$5295,Data!$E$2:$E$5295,$A6) | E6: =IFERROR(C6/B6,"") | F6: =IFERROR(SUMIFS(Data!$P$2:$P$5295,Data!$E$2:$E$5295,$A6)/C6,"") | G6: =IFERROR(AVERAGEIFS(Data!$J$2:$J$5295,Data!$E$2:$E$5295,$A6),"") | H6: =SUMIFS(Data!$J$2:$J$5295,Data!$E$2:$E$5295,$A6)/3600
A7: sswati | B7: =COUNTIFS(Data!$E$2:$E$5295,$A7) | C7: =SUMIFS(Data!$H$2:$H$5295,Data!$E$2:$E$5295,$A7) | D7: =SUMIFS(Data!$G$2:$G$5295,Data!$E$2:$E$5295,$A7) | E7: =IFERROR(C7/B7,"") | F7: =IFERROR(SUMIFS(Data!$P$2:$P$5295,Data!$E$2:$E$5295,$A7)/C7,"") | G7: =IFERROR(AVERAGEIFS(Data!$J$2:$J$5295,Data!$E$2:$E$5295,$A7),"") | H7: =SUMIFS(Data!$J$2:$J$5295,Data!$E$2:$E$5295,$A7)/3600
A8: hsindwani | B8: =COUNTIFS(Data!$E$2:$E$5295,$A8) | C8: =SUMIFS(Data!$H$2:$H$5295,Data!$E$2:$E$5295,$A8) | D8: =SUMIFS(Data!$G$2:$G$5295,Data!$E$2:$E$5295,$A8) | E8: =IFERROR(C8/B8,"") | F8: =IFERROR(SUMIFS(Data!$P$2:$P$5295,Data!$E$2:$E$5295,$A8)/C8,"") | G8: =IFERROR(AVERAGEIFS(Data!$J$2:$J$5295,Data!$E$2:$E$5295,$A8),"") | H8: =SUMIFS(Data!$J$2:$J$5295,Data!$E$2:$E$5295,$A8)/3600
A9: aghosh | B9: =COUNTIFS(Data!$E$2:$E$5295,$A9) | C9: =SUMIFS(Data!$H$2:$H$5295,Data!$E$2:$E$5295,$A9) | D9: =SUMIFS(Data!$G$2:$G$5295,Data!$E$2:$E$5295,$A9) | E9: =IFERROR(C9/B9,"") | F9: =IFERROR(SUMIFS(Data!$P$2:$P$5295,Data!$E$2:$E$5295,$A9)/C9,"") | G9: =IFERROR(AVERAGEIFS(Data!$J$2:$J$5295,Data!$E$2:$E$5295,$A9),"") | H9: =SUMIFS(Data!$J$2:$J$5295,Data!$E$2:$E$5295,$A9)/3600
A10: psathwika | B10: =COUNTIFS(Data!$E$2:$E$5295,$A10) | C10: =SUMIFS(Data!$H$2:$H$5295,Data!$E$2:$E$5295,$A10) | D10: =SUMIFS(Data!$G$2:$G$5295,Data!$E$2:$E$5295,$A10) | E10: =IFERROR(C10/B10,"") | F10: =IFERROR(SUMIFS(Data!$P$2:$P$5295,Data!$E$2:$E$5295,$A10)/C10,"") | G10: =IFERROR(AVERAGEIFS(Data!$J$2:$J$5295,Data!$E$2:$E$5295,$A10),"") | H10: =SUMIFS(Data!$J$2:$J$5295,Data!$E$2:$E$5295,$A10)/3600
A11: mgupta | B11: =COUNTIFS(Data!$E$2:$E$5295,$A11) | C11: =SUMIFS(Data!$H$2:$H$5295,Data!$E$2:$E$5295,$A11) | D11: =SUMIFS(Data!$G$2:$G$5295,Data!$E$2:$E$5295,$A11) | E11: =IFERROR(C11/B11,"") | F11: =IFERROR(SUMIFS(Data!$P$2:$P$5295,Data!$E$2:$E$5295,$A11)/C11,"") | G11: =IFERROR(AVERAGEIFS(Data!$J$2:$J$5295,Data!$E$2:$E$5295,$A11),"") | H11: =SUMIFS(Data!$J$2:$J$5295,Data!$E$2:$E$5295,$A11)/3600
A12: ssrinivasan | B12: =COUNTIFS(Data!$E$2:$E$5295,$A12) | C12: =SUMIFS(Data!$H$2:$H$5295,Data!$E$2:$E$5295,$A12) | D12: =SUMIFS(Data!$G$2:$G$5295,Data!$E$2:$E$5295,$A12) | E12: =IFERROR(C12/B12,"") | F12: =IFERROR(SUMIFS(Data!$P$2:$P$5295,Data!$E$2:$E$5295,$A12)/C12,"") | G12: =IFERROR(AVERAGEIFS(Data!$J$2:$J$5295,Data!$E$2:$E$5295,$A12),"") | H12: =SUMIFS(Data!$J$2:$J$5295,Data!$E$2:$E$5295,$A12)/3600
A13: shassan | B13: =COUNTIFS(Data!$E$2:$E$5295,$A13) | C13: =SUMIFS(Data!$H$2:$H$5295,Data!$E$2:$E$5295,$A13) | D13: =SUMIFS(Data!$G$2:$G$5295,Data!$E$2:$E$5295,$A13) | E13: =IFERROR(C13/B13,"") | F13: =IFERROR(SUMIFS(Data!$P$2:$P$5295,Data!$E$2:$E$5295,$A13)/C13,"") | G13: =IFERROR(AVERAGEIFS(Data!$J$2:$J$5295,Data!$E$2:$E$5295,$A13),"") | H13: =SUMIFS(Data!$J$2:$J$5295,Data!$E$2:$E$5295,$A13)/3600
A14: ns | B14: =COUNTIFS(Data!$E$2:$E$5295,$A14) | C14: =SUMIFS(Data!$H$2:$H$5295,Data!$E$2:$E$5295,$A14) | D14: =SUMIFS(Data!$G$2:$G$5295,Data!$E$2:$E$5295,$A14) | E14: =IFERROR(C14/B14,"") | F14: =IFERROR(SUMIFS(Data!$P$2:$P$5295,Data!$E$2:$E$5295,$A14)/C14,"") | G14: =IFERROR(AVERAGEIFS(Data!$J$2:$J$5295,Data!$E$2:$E$5295,$A14),"") | H14: =SUMIFS(Data!$J$2:$J$5295,Data!$E$2:$E$5295,$A14)/3600
A15: csaha | B15: =COUNTIFS(Data!$E$2:$E$5295,$A15) | C15: =SUMIFS(Data!$H$2:$H$5295,Data!$E$2:$E$5295,$A15) | D15: =SUMIFS(Data!$G$2:$G$5295,Data!$E$2:$E$5295,$A15) | E15: =IFERROR(C15/B15,"") | F15: =IFERROR(SUMIFS(Data!$P$2:$P$5295,Data!$E$2:$E$5295,$A15)/C15,"") | G15: =IFERROR(AVERAGEIFS(Data!$J$2:$J$5295,Data!$E$2:$E$5295,$A15),"") | H15: =SUMIFS(Data!$J$2:$J$5295,Data!$E$2:$E$5295,$A15)/3600
A16: stiwari | B16: =COUNTIFS(Data!$E$2:$E$5295,$A16) | C16: =SUMIFS(Data!$H$2:$H$5295,Data!$E$2:$E$5295,$A16) | D16: =SUMIFS(Data!$G$2:$G$5295,Data!$E$2:$E$5295,$A16) | E16: =IFERROR(C16/B16,"") | F16: =IFERROR(SUMIFS(Data!$P$2:$P$5295,Data!$E$2:$E$5295,$A16)/C16,"") | G16: =IFERROR(AVERAGEIFS(Data!$J$2:$J$5295,Data!$E$2:$E$5295,$A16),"") | H16: =SUMIFS(Data!$J$2:$J$5295,Data!$E$2:$E$5295,$A16)/3600
... A73: ykaushik | B73: =COUNTIFS(Data!$E$2:$E$5295,$A73) | C73: =SUMIFS(Data!$H$2:$H$5295,Data!$E$2:$E$5295,$A73) | D73: =SUMIFS(Data!$G$2:$G$5295,Data!$E$2:$E$5295,$A73) | E73: =IFERROR(C73/B73,"") | F73: =IFERROR(SUMIFS(Data!$P$2:$P$5295,Data!$E$2:$E$5295,$A73)/C73,"") | G73: =IFERROR(AVERAGEIFS(Data!$J$2:$J$5295,Data!$E$2:$E$5295,$A73),"") | H73: =SUMIFS(Data!$J$2:$J$5295,Data!$E$2:$E$5295,$A73)/3600

Sheet Notes & Method
B2: Method, definitions and caveats
B4: Source | C4: Sheet1 of the shared master tracker - the audit log the OSDD tool writes on each run. Extracted 17 Aug 2026.
B5: Rows in source | C5: 5,390
B6: Rows used | C6: 5,294 - rows with a parseable "Time Taken" value.
B7: Rows excluded | C7: 96 rows carried a timestamp but no analyst, case, counts or duration. These are partial tracker writes rather than zero-length runs, so including them would bias every average. Usage figures in this workbook are therefore a slight undercount.
B8: Time parsing | C8: Column J of the Data tab parses the free-text duration: the number before the word "minute" x 60, plus the number following "and". Only two formats occur in the source - "N second(s)" and "N minute(s) and N second(s)". No durations are hardcoded; the sheet recalculates if the source text changes.
B9: Time metrics order | C9: Where time per run is shown at more than one point of the distribution, the columns and chart series run smallest to largest: median, then average, then P90.
B10: Two-component model | C10: Run duration is modelled as fixed overhead + (marginal seconds per search x number of searches), fitted by least squares on each month's runs (INTERCEPT, SLOPE, RSQ). Fixed overhead is the part of a run independent of search count; the marginal figure is the cost of each additional search. Runs logging zero searches are included in the fit as low-volume points.
B11: Sample sizes on charts | C11: Monthly chart categories carry the number of runs behind each point (Monthly Pivot column U), so months with thin coverage - Apr-2026 at 22 runs, Aug-2026 partial - are not read as trend.
B12: Completion curve | C12: Cumulative share of runs finishing within each duration, baseline period against current period. Answers how long an analyst waits rather than what the mean is.
B13: Concurrency band | C13: Each run is tagged with how many runs were logged across the estate in the same clock hour (Data columns Q to S), then grouped into bands. Derived from audit-log timestamps, so it reflects logged activity rather than confirmed simultaneous sessions.
B14: Sec per search (weighted) | C14: Total run seconds divided by total searches for the group. Preferred over averaging each run's own ratio, which over-weights single-search runs.
B15: Active analysts | C15: Distinct analyst IDs with at least one logged run in the month.
... B21: Native PivotTable | C21: The Data tab is an Excel Table named tblRuns. Insert > PivotTable > Table/Range: tblRuns creates a live pivot; use Month Key as rows and Seconds, Total Searches and Seconds per Search as values. The Monthly Pivot tab mirrors that output using formulas, so it needs no refresh.

Sheet Data
A1: Date & Time | B1: Month Key | C1: Month Label | D1: Week Start | E1: Analyst ID | F1: ECM Case ID | G1: Total Entities | H1: Total Searches | I1: Time Taken (raw) | J1: Seconds | K1: Minutes | L1: Seconds per Search | M1: Tool Version | N1: Over 5 Min | O1: Over 10 Min | P1: Seconds (rated runs) | Q1: Hour Key | R1: Runs in Same Hour | S1: Concurrency Band
A2: 46142.09 | B2: =TEXT(A2,"YYYY-MM") | C2: =TEXT(A2,"MMM-YYYY") | D2: =INT(A2)-WEEKDAY(A2,2)+1 | E2: asahoo | F2: 93944 | G2: 1 | H2: 3 | I2: 2 minute(s) and 12 second(s) | J2: =IFERROR(VALUE(TRIM(LEFT(I2,FIND("minute",I2)-1)))*60,0)+IFERROR(VALUE(SUBSTITUTE(MID(I2,IFERROR(FIND("and",I2)+3,1),20),"second(s)","")),0) | K2: =J2/60 | L2: =IFERROR(J2/H2,"") | M2: 2.4.1 | N2: =IF(J2>300,1,0) | O2: =IF(J2>600,1,0) | P2: =IF(H2>0,J2,"") | Q2: =TEXT(A2,"YYYY-MM-DD HH") | R2: =COUNTIF($Q$2:$Q$5295,Q2) | S2: =IF(R2<=2,"1-2",IF(R2<=5,"3-5",IF(R2<=10,"6-10","11+")))
A3: 46142.094 | B3: =TEXT(A3,"YYYY-MM") | C3: =TEXT(A3,"MMM-YYYY") | D3: =INT(A3)-WEEKDAY(A3,2)+1 | E3: asahoo | F3: 84646 | G3: 1 | H3: 1 | I3: 32 second(s) | J3: =IFERROR(VALUE(TRIM(LEFT(I3,FIND("minute",I3)-1)))*60,0)+IFERROR(VALUE(SUBSTITUTE(MID(I3,IFERROR(FIND("and",I3)+3,1),20),"second(s)","")),0) | K3: =J3/60 | L3: =IFERROR(J3/H3,"") | M3: 2.4.1 | N3: =IF(J3>300,1,0) | O3: =IF(J3>600,1,0) | P3: =IF(H3>0,J3,"") | Q3: =TEXT(A3,"YYYY-MM-DD HH") | R3: =COUNTIF($Q$2:$Q$5295,Q3) | S3: =IF(R3<=2,"1-2",IF(R3<=5,"3-5",IF(R3<=10,"6-10","11+")))
A4: 46142.097 | B4: =TEXT(A4,"YYYY-MM") | C4: =TEXT(A4,"MMM-YYYY") | D4: =INT(A4)-WEEKDAY(A4,2)+1 | E4: ns | F4: 12345 | G4: 1 | H4: 1 | I4: 36 second(s) | J4: =IFERROR(VALUE(TRIM(LEFT(I4,FIND("minute",I4)-1)))*60,0)+IFERROR(VALUE(SUBSTITUTE(MID(I4,IFERROR(FIND("and",I4)+3,1),20),"second(s)","")),0) | K4: =J4/60 | L4: =IFERROR(J4/H4,"") | M4: 2.4.1 | N4: =IF(J4>300,1,0) | O4: =IF(J4>600,1,0) | P4: =IF(H4>0,J4,"") | Q4: =TEXT(A4,"YYYY-MM-DD HH") | R4: =COUNTIF($Q$2:$Q$5295,Q4) | S4: =IF(R4<=2,"1-2",IF(R4<=5,"3-5",IF(R4<=10,"6-10","11+")))
A5: 46142.111 | B5: =TEXT(A5,"YYYY-MM") | C5: =TEXT(A5,"MMM-YYYY") | D5: =INT(A5)-WEEKDAY(A5,2)+1 | E5: ns | F5: 98684 | G5: 1 | H5: 7 | I5: 4 minute(s) and 28 second(s) | J5: =IFERROR(VALUE(TRIM(LEFT(I5,FIND("minute",I5)-1)))*60,0)+IFERROR(VALUE(SUBSTITUTE(MID(I5,IFERROR(FIND("and",I5)+3,1),20),"second(s)","")),0) | K5: =J5/60 | L5: =IFERROR(J5/H5,"") | M5: 2.4.1 | N5: =IF(J5>300,1,0) | O5: =IF(J5>600,1,0) | P5: =IF(H5>0,J5,"") | Q5: =TEXT(A5,"YYYY-MM-DD HH") | R5: =COUNTIF($Q$2:$Q$5295,Q5) | S5: =IF(R5<=2,"1-2",IF(R5<=5,"3-5",IF(R5<=10,"6-10","11+")))
A6: 46142.124 | B6: =TEXT(A6,"YYYY-MM") | C6: =TEXT(A6,"MMM-YYYY") | D6: =INT(A6)-WEEKDAY(A6,2)+1 | E6: ns | F6: 98684 | G6: 3 | H6: 14 | I6: 10 minute(s) and 22 second(s) | J6: =IFERROR(VALUE(TRIM(LEFT(I6,FIND("minute",I6)-1)))*60,0)+IFERROR(VALUE(SUBSTITUTE(MID(I6,IFERROR(FIND("and",I6)+3,1),20),"second(s)","")),0) | K6: =J6/60 | L6: =IFERROR(J6/H6,"") | M6: 2.4.1 | N6: =IF(J6>300,1,0) | O6: =IF(J6>600,1,0) | P6: =IF(H6>0,J6,"") | Q6: =TEXT(A6,"YYYY-MM-DD HH") | R6: =COUNTIF($Q$2:$Q$5295,Q6) | S6: =IF(R6<=2,"1-2",IF(R6<=5,"3-5",IF(R6<=10,"6-10","11+")))
A7: 46142.32 | B7: =TEXT(A7,"YYYY-MM") | C7: =TEXT(A7,"MMM-YYYY") | D7: =INT(A7)-WEEKDAY(A7,2)+1 | E7: emishra | F7: 71626 | G7: 5 | H7: 31 | I7: 15 minute(s) and 19 second(s) | J7: =IFERROR(VALUE(TRIM(LEFT(I7,FIND("minute",I7)-1)))*60,0)+IFERROR(VALUE(SUBSTITUTE(MID(I7,IFERROR(FIND("and",I7)+3,1),20),"second(s)","")),0) | K7: =J7/60 | L7: =IFERROR(J7/H7,"") | M7: 2.4.1 | N7: =IF(J7>300,1,0) | O7: =IF(J7>600,1,0) | P7: =IF(H7>0,J7,"") | Q7: =TEXT(A7,"YYYY-MM-DD HH") | R7: =COUNTIF($Q$2:$Q$5295,Q7) | S7: =IF(R7<=2,"1-2",IF(R7<=5,"3-5",IF(R7<=10,"6-10","11+")))
A8: 46142.457 | B8: =TEXT(A8,"YYYY-MM") | C8: =TEXT(A8,"MMM-YYYY") | D8: =INT(A8)-WEEKDAY(A8,2)+1 | E8: aghosh | F8: 22136 | G8: 5 | H8: 25 | I8: 20 minute(s) and 51 second(s) | J8: =IFERROR(VALUE(TRIM(LEFT(I8,FIND("minute",I8)-1)))*60,0)+IFERROR(VALUE(SUBSTITUTE(MID(I8,IFERROR(FIND("and",I8)+3,1),20),"second(s)","")),0) | K8: =J8/60 | L8: =IFERROR(J8/H8,"") | M8: 2.4.1 | N8: =IF(J8>300,1,0) | O8: =IF(J8>600,1,0) | P8: =IF(H8>0,J8,"") | Q8: =TEXT(A8,"YYYY-MM-DD HH") | R8: =COUNTIF($Q$2:$Q$5295,Q8) | S8: =IF(R8<=2,"1-2",IF(R8<=5,"3-5",IF(R8<=10,"6-10","11+")))
A9: 46142.487 | B9: =TEXT(A9,"YYYY-MM") | C9: =TEXT(A9,"MMM-YYYY") | D9: =INT(A9)-WEEKDAY(A9,2)+1 | E9: ssaha | F9: 12345 | G9: 1 | H9: 1 | I9: 54 second(s) | J9: =IFERROR(VALUE(TRIM(LEFT(I9,FIND("minute",I9)-1)))*60,0)+IFERROR(VALUE(SUBSTITUTE(MID(I9,IFERROR(FIND("and",I9)+3,1),20),"second(s)","")),0) | K9: =J9/60 | L9: =IFERROR(J9/H9,"") | M9: 2.4.1 | N9: =IF(J9>300,1,0) | O9: =IF(J9>600,1,0) | P9: =IF(H9>0,J9,"") | Q9: =TEXT(A9,"YYYY-MM-DD HH") | R9: =COUNTIF($Q$2:$Q$5295,Q9) | S9: =IF(R9<=2,"1-2",IF(R9<=5,"3-5",IF(R9<=10,"6-10","11+")))
A10: 46142.493 | B10: =TEXT(A10,"YYYY-MM") | C10: =TEXT(A10,"MMM-YYYY") | D10: =INT(A10)-WEEKDAY(A10,2)+1 | E10: ssaha | F10: 542134 | G10: 1 | H10: 0 | I10: 5 minute(s) and 58 second(s) | J10: =IFERROR(VALUE(TRIM(LEFT(I10,FIND("minute",I10)-1)))*60,0)+IFERROR(VALUE(SUBSTITUTE(MID(I10,IFERROR(FIND("and",I10)+3,1),20),"second(s)","")),0) | K10: =J10/60 | L10: =IFERROR(J10/H10,"") | M10: 2.4.1 | N10: =IF(J10>300,1,0) | O10: =IF(J10>600,1,0) | P10: =IF(H10>0,J10,"") | Q10: =TEXT(A10,"YYYY-MM-DD HH") | R10: =COUNTIF($Q$2:$Q$5295,Q10) | S10: =IF(R10<=2,"1-2",IF(R10<=5,"3-5",IF(R10<=10,"6-10","11+")))
A11: 46142.509 | B11: =TEXT(A11,"YYYY-MM") | C11: =TEXT(A11,"MMM-YYYY") | D11: =INT(A11)-WEEKDAY(A11,2)+1 | E11: csaha | F11: 36648 | G11: 4 | H11: 14 | I11: 8 minute(s) and 16 second(s) | J11: =IFERROR(VALUE(TRIM(LEFT(I11,FIND("minute",I11)-1)))*60,0)+IFERROR(VALUE(SUBSTITUTE(MID(I11,IFERROR(FIND("and",I11)+3,1),20),"second(s)","")),0) | K11: =J11/60 | L11: =IFERROR(J11/H11,"") | M11: 2.4.1 | N11: =IF(J11>300,1,0) | O11: =IF(J11>600,1,0) | P11: =IF(H11>0,J11,"") | Q11: =TEXT(A11,"YYYY-MM-DD HH") | R11: =COUNTIF($Q$2:$Q$5295,Q11) | S11: =IF(R11<=2,"1-2",IF(R11<=5,"3-5",IF(R11<=10,"6-10","11+")))
A12: 46142.518 | B12: =TEXT(A12,"YYYY-MM") | C12: =TEXT(A12,"MMM-YYYY") | D12: =INT(A12)-WEEKDAY(A12,2)+1 | E12: csaha | F12: 36648 | G12: 4 | H12: 14 | I12: 9 minute(s) and 14 second(s) | J12: =IFERROR(VALUE(TRIM(LEFT(I12,FIND("minute",I12)-1)))*60,0)+IFERROR(VALUE(SUBSTITUTE(MID(I12,IFERROR(FIND("and",I12)+3,1),20),"second(s)","")),0) | K12: =J12/60 | L12: =IFERROR(J12/H12,"") | M12: 2.4.1 | N12: =IF(J12>300,1,0) | O12: =IF(J12>600,1,0) | P12: =IF(H12>0,J12,"") | Q12: =TEXT(A12,"YYYY-MM-DD HH") | R12: =COUNTIF($Q$2:$Q$5295,Q12) | S12: =IF(R12<=2,"1-2",IF(R12<=5,"3-5",IF(R12<=10,"6-10","11+")))
A13: 46142.542 | B13: =TEXT(A13,"YYYY-MM") | C13: =TEXT(A13,"MMM-YYYY") | D13: =INT(A13)-WEEKDAY(A13,2)+1 | E13: msrivastava | F13: 4565 | G13: 1 | H13: 1 | I13: 30 second(s) | J13: =IFERROR(VALUE(TRIM(LEFT(I13,FIND("minute",I13)-1)))*60,0)+IFERROR(VALUE(SUBSTITUTE(MID(I13,IFERROR(FIND("and",I13)+3,1),20),"second(s)","")),0) | K13: =J13/60 | L13: =IFERROR(J13/H13,"") | M13: 2.4.1 | N13: =IF(J13>300,1,0) | O13: =IF(J13>600,1,0) | P13: =IF(H13>0,J13,"") | Q13: =TEXT(A13,"YYYY-MM-DD HH") | R13: =COUNTIF($Q$2:$Q$5295,Q13) | S13: =IF(R13<=2,"1-2",IF(R13<=5,"3-5",IF(R13<=10,"6-10","11+")))
... A2668: 46188.958 | B2668: =TEXT(A2668,"YYYY-MM") | C2668: =TEXT(A2668,"MMM-YYYY") | D2668: =INT(A2668)-WEEKDAY(A2668,2)+1 | E2668: ssarkar | F2668: 125252 | G2668: 2 | H2668: 10 | I2668: 3 minute(s) and 43 second(s) | J2668: =IFERROR(VALUE(TRIM(LEFT(I2668,FIND("minute",I2668)-1)))*60,0)+IFERROR(VALUE(SUBSTITUTE(MID(I2668,IFERROR(FIND("and",I2668)+3,1),20),"second(s)","")),0) | K2668: =J2668/60 | L2668: =IFERROR(J2668/H2668,"") | M2668: 2.5.12 | N2668: =IF(J2668>300,1,0) | O2668: =IF(J2668>600,1,0) | P2668: =IF(H2668>0,J2668,"") | Q2668: =TEXT(A2668,"YYYY-MM-DD HH") | R2668: =COUNTIF($Q$2:$Q$5295,Q2668) | S2668: =IF(R2668<=2,"1-2",IF(R2668<=5,"3-5",IF(R2668<=10,"6-10","11+")))
A2669: 46188.973 | B2669: =TEXT(A2669,"YYYY-MM") | C2669: =TEXT(A2669,"MMM-YYYY") | D2669: =INT(A2669)-WEEKDAY(A2669,2)+1 | E2669: ssaha | F2669: Test 2 | G2669: 1 | H2669: 5 | I2669: 2 minute(s) and 23 second(s) | J2669: =IFERROR(VALUE(TRIM(LEFT(I2669,FIND("minute",I2669)-1)))*60,0)+IFERROR(VALUE(SUBSTITUTE(MID(I2669,IFERROR(FIND("and",I2669)+3,1),20),"second(s)","")),0) | K2669: =J2669/60 | L2669: =IFERROR(J2669/H2669,"") | M2669: 2.5.12 | N2669: =IF(J2669>300,1,0) | O2669: =IF(J2669>600,1,0) | P2669: =IF(H2669>0,J2669,"") | Q2669: =TEXT(A2669,"YYYY-MM-DD HH") | R2669: =COUNTIF($Q$2:$Q$5295,Q2669) | S2669: =IF(R2669<=2,"1-2",IF(R2669<=5,"3-5",IF(R2669<=10,"6-10","11+")))
A2670: 46188.976 | B2670: =TEXT(A2670,"YYYY-MM") | C2670: =TEXT(A2670,"MMM-YYYY") | D2670: =INT(A2670)-WEEKDAY(A2670,2)+1 | E2670: psingh | F2670: 123572 | G2670: 2 | H2670: 10 | I2670: 4 minute(s) and 2 second(s) | J2670: =IFERROR(VALUE(TRIM(LEFT(I2670,FIND("minute",I2670)-1)))*60,0)+IFERROR(VALUE(SUBSTITUTE(MID(I2670,IFERROR(FIND("and",I2670)+3,1),20),"second(s)","")),0) | K2670: =J2670/60 | L2670: =IFERROR(J2670/H2670,"") | M2670: 2.5.12 | N2670: =IF(J2670>300,1,0) | O2670: =IF(J2670>600,1,0) | P2670: =IF(H2670>0,J2670,"") | Q2670: =TEXT(A2670,"YYYY-MM-DD HH") | R2670: =COUNTIF($Q$2:$Q$5295,Q2670) | S2670: =IF(R2670<=2,"1-2",IF(R2670<=5,"3-5",IF(R2670<=10,"6-10","11+")))
A2671: 46189.049 | B2671: =TEXT(A2671,"YYYY-MM") | C2671: =TEXT(A2671,"MMM-YYYY") | D2671: =INT(A2671)-WEEKDAY(A2671,2)+1 | E2671: shassan | F2671: 125276 | G2671: 2 | H2671: 10 | I2671: 2 minute(s) and 9 second(s) | J2671: =IFERROR(VALUE(TRIM(LEFT(I2671,FIND("minute",I2671)-1)))*60,0)+IFERROR(VALUE(SUBSTITUTE(MID(I2671,IFERROR(FIND("and",I2671)+3,1),20),"second(s)","")),0) | K2671: =J2671/60 | L2671: =IFERROR(J2671/H2671,"") | M2671: 2.5.12 | N2671: =IF(J2671>300,1,0) | O2671: =IF(J2671>600,1,0) | P2671: =IF(H2671>0,J2671,"") | Q2671: =TEXT(A2671,"YYYY-MM-DD HH") | R2671: =COUNTIF($Q$2:$Q$5295,Q2671) | S2671: =IF(R2671<=2,"1-2",IF(R2671<=5,"3-5",IF(R2671<=10,"6-10","11+")))
A2672: 46189.085 | B2672: =TEXT(A2672,"YYYY-MM") | C2672: =TEXT(A2672,"MMM-YYYY") | D2672: =INT(A2672)-WEEKDAY(A2672,2)+1 | E2672: anusharma | F2672: 124268 | G2672: 4 | H2672: 16 | I2672: 6 minute(s) and 11 second(s) | J2672: =IFERROR(VALUE(TRIM(LEFT(I2672,FIND("minute",I2672)-1)))*60,0)+IFERROR(VALUE(SUBSTITUTE(MID(I2672,IFERROR(FIND("and",I2672)+3,1),20),"second(s)","")),0) | K2672: =J2672/60 | L2672: =IFERROR(J2672/H2672,"") | M2672: 2.5.12 | N2672: =IF(J2672>300,1,0) | O2672: =IF(J2672>600,1,0) | P2672: =IF(H2672>0,J2672,"") | Q2672: =TEXT(A2672,"YYYY-MM-DD HH") | R2672: =COUNTIF($Q$2:$Q$5295,Q2672) | S2672: =IF(R2672<=2,"1-2",IF(R2672<=5,"3-5",IF(R2672<=10,"6-10","11+")))
A2673: 46189.091 | B2673: =TEXT(A2673,"YYYY-MM") | C2673: =TEXT(A2673,"MMM-YYYY") | D2673: =INT(A2673)-WEEKDAY(A2673,2)+1 | E2673: mbohra | F2673: 125206 | G2673: 4 | H2673: 20 | I2673: 7 minute(s) and 45 second(s) | J2673: =IFERROR(VALUE(TRIM(LEFT(I2673,FIND("minute",I2673)-1)))*60,0)+IFERROR(VALUE(SUBSTITUTE(MID(I2673,IFERROR(FIND("and",I2673)+3,1),20),"second(s)","")),0) | K2673: =J2673/60 | L2673: =IFERROR(J2673/H2673,"") | M2673: 2.5.12 | N2673: =IF(J2673>300,1,0) | O2673: =IF(J2673>600,1,0) | P2673: =IF(H2673>0,J2673,"") | Q2673: =TEXT(A2673,"YYYY-MM-DD HH") | R2673: =COUNTIF($Q$2:$Q$5295,Q2673) | S2673: =IF(R2673<=2,"1-2",IF(R2673<=5,"3-5",IF(R2673<=10,"6-10","11+")))
A2674: 46189.093 | B2674: =TEXT(A2674,"YYYY-MM") | C2674: =TEXT(A2674,"MMM-YYYY") | D2674: =INT(A2674)-WEEKDAY(A2674,2)+1 | E2674: shassan | F2674: 125275 | G2674: 2 | H2674: 8 | I2674: 3 minute(s) and 38 second(s) | J2674: =IFERROR(VALUE(TRIM(LEFT(I2674,FIND("minute",I2674)-1)))*60,0)+IFERROR(VALUE(SUBSTITUTE(MID(I2674,IFERROR(FIND("and",I2674)+3,1),20),"second(s)","")),0) | K2674: =J2674/60 | L2674: =IFERROR(J2674/H2674,"") | M2674: 2.5.12 | N2674: =IF(J2674>300,1,0) | O2674: =IF(J2674>600,1,0) | P2674: =IF(H2674>0,J2674,"") | Q2674: =TEXT(A2674,"YYYY-MM-DD HH") | R2674: =COUNTIF($Q$2:$Q$5295,Q2674) | S2674: =IF(R2674<=2,"1-2",IF(R2674<=5,"3-5",IF(R2674<=10,"6-10","11+")))
A2675: 46189.099 | B2675: =TEXT(A2675,"YYYY-MM") | C2675: =TEXT(A2675,"MMM-YYYY") | D2675: =INT(A2675)-WEEKDAY(A2675,2)+1 | E2675: ns | F2675: 124772 | G2675: 1 | H2675: 5 | I2675: 2 minute(s) and 55 second(s) | J2675: =IFERROR(VALUE(TRIM(LEFT(I2675,FIND("minute",I2675)-1)))*60,0)+IFERROR(VALUE(SUBSTITUTE(MID(I2675,IFERROR(FIND("and",I2675)+3,1),20),"second(s)","")),0) | K2675: =J2675/60 | L2675: =IFERROR(J2675/H2675,"") | M2675: 2.5.12 | N2675: =IF(J2675>300,1,0) | O2675: =IF(J2675>600,1,0) | P2675: =IF(H2675>0,J2675,"") | Q2675: =TEXT(A2675,"YYYY-MM-DD HH") | R2675: =COUNTIF($Q$2:$Q$5295,Q2675) | S2675: =IF(R2675<=2,"1-2",IF(R2675<=5,"3-5",IF(R2675<=10,"6-10","11+")))
A2676: 46189.1 | B2676: =TEXT(A2676,"YYYY-MM") | C2676: =TEXT(A2676,"MMM-YYYY") | D2676: =INT(A2676)-WEEKDAY(A2676,2)+1 | E2676: adey | F2676: 124340 | G2676: 2 | H2676: 10 | I2676: 2 minute(s) and 47 second(s) | J2676: =IFERROR(VALUE(TRIM(LEFT(I2676,FIND("minute",I2676)-1)))*60,0)+IFERROR(VALUE(SUBSTITUTE(MID(I2676,IFERROR(FIND("and",I2676)+3,1),20),"second(s)","")),0) | K2676: =J2676/60 | L2676: =IFERROR(J2676/H2676,"") | M2676: 2.5.12 | N2676: =IF(J2676>300,1,0) | O2676: =IF(J2676>600,1,0) | P2676: =IF(H2676>0,J2676,"") | Q2676: =TEXT(A2676,"YYYY-MM-DD HH") | R2676: =COUNTIF($Q$2:$Q$5295,Q2676) | S2676: =IF(R2676<=2,"1-2",IF(R2676<=5,"3-5",IF(R2676<=10,"6-10","11+")))
A2677: 46189.101 | B2677: =TEXT(A2677,"YYYY-MM") | C2677: =TEXT(A2677,"MMM-YYYY") | D2677: =INT(A2677)-WEEKDAY(A2677,2)+1 | E2677: aghosh | F2677: 123648 | G2677: 1 | H2677: 7 | I2677: 4 minute(s) and 27 second(s) | J2677: =IFERROR(VALUE(TRIM(LEFT(I2677,FIND("minute",I2677)-1)))*60,0)+IFERROR(VALUE(SUBSTITUTE(MID(I2677,IFERROR(FIND("and",I2677)+3,1),20),"second(s)","")),0) | K2677: =J2677/60 | L2677: =IFERROR(J2677/H2677,"") | M2677: 2.5.12 | N2677: =IF(J2677>300,1,0) | O2677: =IF(J2677>600,1,0) | P2677: =IF(H2677>0,J2677,"") | Q2677: =TEXT(A2677,"YYYY-MM-DD HH") | R2677: =COUNTIF($Q$2:$Q$5295,Q2677) | S2677: =IF(R2677<=2,"1-2",IF(R2677<=5,"3-5",IF(R2677<=10,"6-10","11+")))
A2678: 46189.102 | B2678: =TEXT(A2678,"YYYY-MM") | C2678: =TEXT(A2678,"MMM-YYYY") | D2678: =INT(A2678)-WEEKDAY(A2678,2)+1 | E2678: sdey | F2678: 125262 | G2678: 3 | H2678: 11 | I2678: 3 minute(s) and 10 second(s) | J2678: =IFERROR(VALUE(TRIM(LEFT(I2678,FIND("minute",I2678)-1)))*60,0)+IFERROR(VALUE(SUBSTITUTE(MID(I2678,IFERROR(FIND("and",I2678)+3,1),20),"second(s)","")),0) | K2678: =J2678/60 | L2678: =IFERROR(J2678/H2678,"") | M2678: 2.5.12 | N2678: =IF(J2678>300,1,0) | O2678: =IF(J2678>600,1,0) | P2678: =IF(H2678>0,J2678,"") | Q2678: =TEXT(A2678,"YYYY-MM-DD HH") | R2678: =COUNTIF($Q$2:$Q$5295,Q2678) | S2678: =IF(R2678<=2,"1-2",IF(R2678<=5,"3-5",IF(R2678<=10,"6-10","11+")))
A2679: 46189.107 | B2679: =TEXT(A2679,"YYYY-MM") | C2679: =TEXT(A2679,"MMM-YYYY") | D2679: =INT(A2679)-WEEKDAY(A2679,2)+1 | E2679: csaha | F2679: 124368 | G2679: 4 | H2679: 12 | I2679: 2 minute(s) and 50 second(s) | J2679: =IFERROR(VALUE(TRIM(LEFT(I2679,FIND("minute",I2679)-1)))*60,0)+IFERROR(VALUE(SUBSTITUTE(MID(I2679,IFERROR(FIND("and",I2679)+3,1),20),"second(s)","")),0) | K2679: =J2679/60 | L2679: =IFERROR(J2679/H2679,"") | M2679: 2.5.12 | N2679: =IF(J2679>300,1,0) | O2679: =IF(J2679>600,1,0) | P2679: =IF(H2679>0,J2679,"") | Q2679: =TEXT(A2679,"YYYY-MM-DD HH") | R2679: =COUNTIF($Q$2:$Q$5295,Q2679) | S2679: =IF(R2679<=2,"1-2",IF(R2679<=5,"3-5",IF(R2679<=10,"6-10","11+")))
A2680: 46189.118 | B2680: =TEXT(A2680,"YYYY-MM") | C2680: =TEXT(A2680,"MMM-YYYY") | D2680: =INT(A2680)-WEEKDAY(A2680,2)+1 | E2680: tkarmakar | F2680: 123780 | G2680: 1 | H2680: 5 | I2680: 2 minute(s) and 47 second(s) | J2680: =IFERROR(VALUE(TRIM(LEFT(I2680,FIND("minute",I2680)-1)))*60,0)+IFERROR(VALUE(SUBSTITUTE(MID(I2680,IFERROR(FIND("and",I2680)+3,1),20),"second(s)","")),0) | K2680: =J2680/60 | L2680: =IFERROR(J2680/H2680,"") | M2680: 2.5.12 | N2680: =IF(J2680>300,1,0) | O2680: =IF(J2680>600,1,0) | P2680: =IF(H2680>0,J2680,"") | Q2680: =TEXT(A2680,"YYYY-MM-DD HH") | R2680: =COUNTIF($Q$2:$Q$5295,Q2680) | S2680: =IF(R2680<=2,"1-2",IF(R2680<=5,"3-5",IF(R2680<=10,"6-10","11+")))
A2681: 46189.129 | B2681: =TEXT(A2681,"YYYY-MM") | C2681: =TEXT(A2681,"MMM-YYYY") | D2681: =INT(A2681)-WEEKDAY(A2681,2)+1 | E2681: shassan | F2681: 124307 | G2681: 4 | H2681: 10 | I2681: 2 minute(s) and 44 second(s) | J2681: =IFERROR(VALUE(TRIM(LEFT(I2681,FIND("minute",I2681)-1)))*60,0)+IFERROR(VALUE(SUBSTITUTE(MID(I2681,IFERROR(FIND("and",I2681)+3,1),20),"second(s)","")),0) | K2681: =J2681/60 | L2681: =IFERROR(J2681/H2681,"") | M2681: 2.5.12 | N2681: =IF(J2681>300,1,0) | O2681: =IF(J2681>600,1,0) | P2681: =IF(H2681>0,J2681,"") | Q2681: =TEXT(A2681,"YYYY-MM-DD HH") | R2681: =COUNTIF($Q$2:$Q$5295,Q2681) | S2681: =IF(R2681<=2,"1-2",IF(R2681<=5,"3-5",IF(R2681<=10,"6-10","11+")))
... A3044: 46195.828 | B3044: =TEXT(A3044,"YYYY-MM") | C3044: =TEXT(A3044,"MMM-YYYY") | D3044: =INT(A3044)-WEEKDAY(A3044,2)+1 | E3044: ssarkar | F3044: 112606 | G3044: 2 | H3044: 10 | I3044: 2 minute(s) and 37 second(s) | J3044: =IFERROR(VALUE(TRIM(LEFT(I3044,FIND("minute",I3044)-1)))*60,0)+IFERROR(VALUE(SUBSTITUTE(MID(I3044,IFERROR(FIND("and",I3044)+3,1),20),"second(s)","")),0) | K3044: =J3044/60 | L3044: =IFERROR(J3044/H3044,"") | M3044: 2.5.12 | N3044: =IF(J3044>300,1,0) | O3044: =IF(J3044>600,1,0) | P3044: =IF(H3044>0,J3044,"") | Q3044: =TEXT(A3044,"YYYY-MM-DD HH") | R3044: =COUNTIF($Q$2:$Q$5295,Q3044) | S3044: =IF(R3044<=2,"1-2",IF(R3044<=5,"3-5",IF(R3044<=10,"6-10","11+")))
A3045: 46195.829 | B3045: =TEXT(A3045,"YYYY-MM") | C3045: =TEXT(A3045,"MMM-YYYY") | D3045: =INT(A3045)-WEEKDAY(A3045,2)+1 | E3045: ssaha | F3045: test | G3045: 1 | H3045: 1 | I3045: 40 second(s) | J3045: =IFERROR(VALUE(TRIM(LEFT(I3045,FIND("minute",I3045)-1)))*60,0)+IFERROR(VALUE(SUBSTITUTE(MID(I3045,IFERROR(FIND("and",I3045)+3,1),20),"second(s)","")),0) | K3045: =J3045/60 | L3045: =IFERROR(J3045/H3045,"") | M3045: 2.5.12 | N3045: =IF(J3045>300,1,0) | O3045: =IF(J3045>600,1,0) | P3045: =IF(H3045>0,J3045,"") | Q3045: =TEXT(A3045,"YYYY-MM-DD HH") | R3045: =COUNTIF($Q$2:$Q$5295,Q3045) | S3045: =IF(R3045<=2,"1-2",IF(R3045<=5,"3-5",IF(R3045<=10,"6-10","11+")))
A3046: 46195.884 | B3046: =TEXT(A3046,"YYYY-MM") | C3046: =TEXT(A3046,"MMM-YYYY") | D3046: =INT(A3046)-WEEKDAY(A3046,2)+1 | E3046: ssarkar | F3046: 109913 | G3046: 3 | H3046: 11 | I3046: 3 minute(s) and 40 second(s) | J3046: =IFERROR(VALUE(TRIM(LEFT(I3046,FIND("minute",I3046)-1)))*60,0)+IFERROR(VALUE(SUBSTITUTE(MID(I3046,IFERROR(FIND("and",I3046)+3,1),20),"second(s)","")),0) | K3046: =J3046/60 | L3046: =IFERROR(J3046/H3046,"") | M3046: 2.5.12 | N3046: =IF(J3046>300,1,0) | O3046: =IF(J3046>600,1,0) | P3046: =IF(H3046>0,J3046,"") | Q3046: =TEXT(A3046,"YYYY-MM-DD HH") | R3046: =COUNTIF($Q$2:$Q$5295,Q3046) | S3046: =IF(R3046<=2,"1-2",IF(R3046<=5,"3-5",IF(R3046<=10,"6-10","11+")))
A3047: 46195.888 | B3047: =TEXT(A3047,"YYYY-MM") | C3047: =TEXT(A3047,"MMM-YYYY") | D3047: =INT(A3047)-WEEKDAY(A3047,2)+1 | E3047: dchoudhury | F3047: 98223 | G3047: 4 | H3047: 14 | I3047: 2 minute(s) and 23 second(s) | J3047: =IFERROR(VALUE(TRIM(LEFT(I3047,FIND("minute",I3047)-1)))*60,0)+IFERROR(VALUE(SUBSTITUTE(MID(I3047,IFERROR(FIND("and",I3047)+3,1),20),"second(s)","")),0) | K3047: =J3047/60 | L3047: =IFERROR(J3047/H3047,"") | M3047: 2.5.12 | N3047: =IF(J3047>300,1,0) | O3047: =IF(J3047>600,1,0) | P3047: =IF(H3047>0,J3047,"") | Q3047: =TEXT(A3047,"YYYY-MM-DD HH") | R3047: =COUNTIF($Q$2:$Q$5295,Q3047) | S3047: =IF(R3047<=2,"1-2",IF(R3047<=5,"3-5",IF(R3047<=10,"6-10","11+")))
A3048: 46195.949 | B3048: =TEXT(A3048,"YYYY-MM") | C3048: =TEXT(A3048,"MMM-YYYY") | D3048: =INT(A3048)-WEEKDAY(A3048,2)+1 | E3048: ssarkar | F3048: 117664 | G3048: 3 | H3048: 11 | I3048: 5 minute(s) and 57 second(s) | J3048: =IFERROR(VALUE(TRIM(LEFT(I3048,FIND("minute",I3048)-1)))*60,0)+IFERROR(VALUE(SUBSTITUTE(MID(I3048,IFERROR(FIND("and",I3048)+3,1),20),"second(s)","")),0) | K3048: =J3048/60 | L3048: =IFERROR(J3048/H3048,"") | M3048: 2.5.12 | N3048: =IF(J3048>300,1,0) | O3048: =IF(J3048>600,1,0) | P3048: =IF(H3048>0,J3048,"") | Q3048: =TEXT(A3048,"YYYY-MM-DD HH") | R3048: =COUNTIF($Q$2:$Q$5295,Q3048) | S3048: =IF(R3048<=2,"1-2",IF(R3048<=5,"3-5",IF(R3048<=10,"6-10","11+")))
A3049: 46195.967 | B3049: =TEXT(A3049,"YYYY-MM") | C3049: =TEXT(A3049,"MMM-YYYY") | D3049: =INT(A3049)-WEEKDAY(A3049,2)+1 | E3049: ssaha | F3049: 125435 | G3049: 4 | H3049: 8 | I3049: 1 minute(s) and 34 second(s) | J3049: =IFERROR(VALUE(TRIM(LEFT(I3049,FIND("minute",I3049)-1)))*60,0)+IFERROR(VALUE(SUBSTITUTE(MID(I3049,IFERROR(FIND("and",I3049)+3,1),20),"second(s)","")),0) | K3049: =J3049/60 | L3049: =IFERROR(J3049/H3049,"") | M3049: 2.5.12 | N3049: =IF(J3049>300,1,0) | O3049: =IF(J3049>600,1,0) | P3049: =IF(H3049>0,J3049,"") | Q3049: =TEXT(A3049,"YYYY-MM-DD HH") | R3049: =COUNTIF($Q$2:$Q$5295,Q3049) | S3049: =IF(R3049<=2,"1-2",IF(R3049<=5,"3-5",IF(R3049<=10,"6-10","11+")))
A3050: 46195.986 | B3050: =TEXT(A3050,"YYYY-MM") | C3050: =TEXT(A3050,"MMM-YYYY") | D3050: =INT(A3050)-WEEKDAY(A3050,2)+1 | E3050: mgupta | F3050: 109844 | G3050: 4 | H3050: 20 | I3050: 7 minute(s) and 54 second(s) | J3050: =IFERROR(VALUE(TRIM(LEFT(I3050,FIND("minute",I3050)-1)))*60,0)+IFERROR(VALUE(SUBSTITUTE(MID(I3050,IFERROR(FIND("and",I3050)+3,1),20),"second(s)","")),0) | K3050: =J3050/60 | L3050: =IFERROR(J3050/H3050,"") | M3050: 2.5.12 | N3050: =IF(J3050>300,1,0) | O3050: =IF(J3050>600,1,0) | P3050: =IF(H3050>0,J3050,"") | Q3050: =TEXT(A3050,"YYYY-MM-DD HH") | R3050: =COUNTIF($Q$2:$Q$5295,Q3050) | S3050: =IF(R3050<=2,"1-2",IF(R3050<=5,"3-5",IF(R3050<=10,"6-10","11+")))
A3051: 46196.066 | B3051: =TEXT(A3051,"YYYY-MM") | C3051: =TEXT(A3051,"MMM-YYYY") | D3051: =INT(A3051)-WEEKDAY(A3051,2)+1 | E3051: shassan | F3051: 121937 | G3051: 4 | H3051: 14 | I3051: 3 minute(s) and 35 second(s) | J3051: =IFERROR(VALUE(TRIM(LEFT(I3051,FIND("minute",I3051)-1)))*60,0)+IFERROR(VALUE(SUBSTITUTE(MID(I3051,IFERROR(FIND("and",I3051)+3,1),20),"second(s)","")),0) | K3051: =J3051/60 | L3051: =IFERROR(J3051/H3051,"") | M3051: 2.5.12 | N3051: =IF(J3051>300,1,0) | O3051: =IF(J3051>600,1,0) | P3051: =IF(H3051>0,J3051,"") | Q3051: =TEXT(A3051,"YYYY-MM-DD HH") | R3051: =COUNTIF($Q$2:$Q$5295,Q3051) | S3051: =IF(R3051<=2,"1-2",IF(R3051<=5,"3-5",IF(R3051<=10,"6-10","11+")))
A3052: 46196.09 | B3052: =TEXT(A3052,"YYYY-MM") | C3052: =TEXT(A3052,"MMM-YYYY") | D3052: =INT(A3052)-WEEKDAY(A3052,2)+1 | E3052: mgupta | F3052: 122509 | G3052: 4 | H3052: 14 | I3052: 3 minute(s) and 47 second(s) | J3052: =IFERROR(VALUE(TRIM(LEFT(I3052,FIND("minute",I3052)-1)))*60,0)+IFERROR(VALUE(SUBSTITUTE(MID(I3052,IFERROR(FIND("and",I3052)+3,1),20),"second(s)","")),0) | K3052: =J3052/60 | L3052: =IFERROR(J3052/H3052,"") | M3052: 2.5.12 | N3052: =IF(J3052>300,1,0) | O3052: =IF(J3052>600,1,0) | P3052: =IF(H3052>0,J3052,"") | Q3052: =TEXT(A3052,"YYYY-MM-DD HH") | R3052: =COUNTIF($Q$2:$Q$5295,Q3052) | S3052: =IF(R3052<=2,"1-2",IF(R3052<=5,"3-5",IF(R3052<=10,"6-10","11+")))
A3053: 46196.091 | B3053: =TEXT(A3053,"YYYY-MM") | C3053: =TEXT(A3053,"MMM-YYYY") | D3053: =INT(A3053)-WEEKDAY(A3053,2)+1 | E3053: sthomas | F3053: 113240 | G3053: 3 | H3053: 19 | I3053: 4 minute(s) and 47 second(s) | J3053: =IFERROR(VALUE(TRIM(LEFT(I3053,FIND("minute",I3053)-1)))*60,0)+IFERROR(VALUE(SUBSTITUTE(MID(I3053,IFERROR(FIND("and",I3053)+3,1),20),"second(s)","")),0) | K3053: =J3053/60 | L3053: =IFERROR(J3053/H3053,"") | M3053: 2.5.12 | N3053: =IF(J3053>300,1,0) | O3053: =IF(J3053>600,1,0) | P3053: =IF(H3053>0,J3053,"") | Q3053: =TEXT(A3053,"YYYY-MM-DD HH") | R3053: =COUNTIF($Q$2:$Q$5295,Q3053) | S3053: =IF(R3053<=2,"1-2",IF(R3053<=5,"3-5",IF(R3053<=10,"6-10","11+")))
A3054: 46196.092 | B3054: =TEXT(A3054,"YYYY-MM") | C3054: =TEXT(A3054,"MMM-YYYY") | D3054: =INT(A3054)-WEEKDAY(A3054,2)+1 | E3054: stiwari | F3054: 97882 | G3054: 3 | H3054: 13 | I3054: 2 minute(s) and 34 second(s) | J3054: =IFERROR(VALUE(TRIM(LEFT(I3054,FIND("minute",I3054)-1)))*60,0)+IFERROR(VALUE(SUBSTITUTE(MID(I3054,IFERROR(FIND("and",I3054)+3,1),20),"second(s)","")),0) | K3054: =J3054/60 | L3054: =IFERROR(J3054/H3054,"") | M3054: 2.5.12 | N3054: =IF(J3054>300,1,0) | O3054: =IF(J3054>600,1,0) | P3054: =IF(H3054>0,J3054,"") | Q3054: =TEXT(A3054,"YYYY-MM-DD HH") | R3054: =COUNTIF($Q$2:$Q$5295,Q3054) | S3054: =IF(R3054<=2,"1-2",IF(R3054<=5,"3-5",IF(R3054<=10,"6-10","11+")))
A3055: 46196.093 | B3055: =TEXT(A3055,"YYYY-MM") | C3055: =TEXT(A3055,"MMM-YYYY") | D3055: =INT(A3055)-WEEKDAY(A3055,2)+1 | E3055: anusharma | F3055: 97448 | G3055: 4 | H3055: 21 | I3055: 4 minute(s) and 35 second(s) | J3055: =IFERROR(VALUE(TRIM(LEFT(I3055,FIND("minute",I3055)-1)))*60,0)+IFERROR(VALUE(SUBSTITUTE(MID(I3055,IFERROR(FIND("and",I3055)+3,1),20),"second(s)","")),0) | K3055: =J3055/60 | L3055: =IFERROR(J3055/H3055,"") | M3055: 2.5.12 | N3055: =IF(J3055>300,1,0) | O3055: =IF(J3055>600,1,0) | P3055: =IF(H3055>0,J3055,"") | Q3055: =TEXT(A3055,"YYYY-MM-DD HH") | R3055: =COUNTIF($Q$2:$Q$5295,Q3055) | S3055: =IF(R3055<=2,"1-2",IF(R3055<=5,"3-5",IF(R3055<=10,"6-10","11+")))
A3056: 46196.095 | B3056: =TEXT(A3056,"YYYY-MM") | C3056: =TEXT(A3056,"MMM-YYYY") | D3056: =INT(A3056)-WEEKDAY(A3056,2)+1 | E3056: aghosh | F3056: 114368 | G3056: 2 | H3056: 8 | I3056: 3 minute(s) and 14 second(s) | J3056: =IFERROR(VALUE(TRIM(LEFT(I3056,FIND("minute",I3056)-1)))*60,0)+IFERROR(VALUE(SUBSTITUTE(MID(I3056,IFERROR(FIND("and",I3056)+3,1),20),"second(s)","")),0) | K3056: =J3056/60 | L3056: =IFERROR(J3056/H3056,"") | M3056: 2.5.12 | N3056: =IF(J3056>300,1,0) | O3056: =IF(J3056>600,1,0) | P3056: =IF(H3056>0,J3056,"") | Q3056: =TEXT(A3056,"YYYY-MM-DD HH") | R3056: =COUNTIF($Q$2:$Q$5295,Q3056) | S3056: =IF(R3056<=2,"1-2",IF(R3056<=5,"3-5",IF(R3056<=10,"6-10","11+")))
A3057: 46196.107 | B3057: =TEXT(A3057,"YYYY-MM") | C3057: =TEXT(A3057,"MMM-YYYY") | D3057: =INT(A3057)-WEEKDAY(A3057,2)+1 | E3057: shassan | F3057: 123432 | G3057: 4 | H3057: 8 | I3057: 2 minute(s) and 9 second(s) | J3057: =IFERROR(VALUE(TRIM(LEFT(I3057,FIND("minute",I3057)-1)))*60,0)+IFERROR(VALUE(SUBSTITUTE(MID(I3057,IFERROR(FIND("and",I3057)+3,1),20),"second(s)","")),0) | K3057: =J3057/60 | L3057: =IFERROR(J3057/H3057,"") | M3057: 2.5.12 | N3057: =IF(J3057>300,1,0) | O3057: =IF(J3057>600,1,0) | P3057: =IF(H3057>0,J3057,"") | Q3057: =TEXT(A3057,"YYYY-MM-DD HH") | R3057: =COUNTIF($Q$2:$Q$5295,Q3057) | S3057: =IF(R3057<=2,"1-2",IF(R3057<=5,"3-5",IF(R3057<=10,"6-10","11+")))
... A3506: 46206.43 | B3506: =TEXT(A3506,"YYYY-MM") | C3506: =TEXT(A3506,"MMM-YYYY") | D3506: =INT(A3506)-WEEKDAY(A3506,2)+1 | E3506: pgautam | F3506: 131625 | G3506: 2 | H3506: 12 | I3506: 3 minute(s) and 31 second(s) | J3506: =IFERROR(VALUE(TRIM(LEFT(I3506,FIND("minute",I3506)-1)))*60,0)+IFERROR(VALUE(SUBSTITUTE(MID(I3506,IFERROR(FIND("and",I3506)+3,1),20),"second(s)","")),0) | K3506: =J3506/60 | L3506: =IFERROR(J3506/H3506,"") | M3506: 2.5.12 | N3506: =IF(J3506>300,1,0) | O3506: =IF(J3506>600,1,0) | P3506: =IF(H3506>0,J3506,"") | Q3506: =TEXT(A3506,"YYYY-MM-DD HH") | R3506: =COUNTIF($Q$2:$Q$5295,Q3506) | S3506: =IF(R3506<=2,"1-2",IF(R3506<=5,"3-5",IF(R3506<=10,"6-10","11+")))
A3507: 46206.436 | B3507: =TEXT(A3507,"YYYY-MM") | C3507: =TEXT(A3507,"MMM-YYYY") | D3507: =INT(A3507)-WEEKDAY(A3507,2)+1 | E3507: asahoo | F3507: 129457 | G3507: 2 | H3507: 8 | I3507: 3 minute(s) and 7 second(s) | J3507: =IFERROR(VALUE(TRIM(LEFT(I3507,FIND("minute",I3507)-1)))*60,0)+IFERROR(VALUE(SUBSTITUTE(MID(I3507,IFERROR(FIND("and",I3507)+3,1),20),"second(s)","")),0) | K3507: =J3507/60 | L3507: =IFERROR(J3507/H3507,"") | N3507: =IF(J3507>300,1,0) | O3507: =IF(J3507>600,1,0) | P3507: =IF(H3507>0,J3507,"") | Q3507: =TEXT(A3507,"YYYY-MM-DD HH") | R3507: =COUNTIF($Q$2:$Q$5295,Q3507) | S3507: =IF(R3507<=2,"1-2",IF(R3507<=5,"3-5",IF(R3507<=10,"6-10","11+")))
A3508: 46206.438 | B3508: =TEXT(A3508,"YYYY-MM") | C3508: =TEXT(A3508,"MMM-YYYY") | D3508: =INT(A3508)-WEEKDAY(A3508,2)+1 | E3508: hsindwani | F3508: 128370 | G3508: 2 | H3508: 14 | I3508: 3 minute(s) and 58 second(s) | J3508: =IFERROR(VALUE(TRIM(LEFT(I3508,FIND("minute",I3508)-1)))*60,0)+IFERROR(VALUE(SUBSTITUTE(MID(I3508,IFERROR(FIND("and",I3508)+3,1),20),"second(s)","")),0) | K3508: =J3508/60 | L3508: =IFERROR(J3508/H3508,"") | M3508: 2.5.12 | N3508: =IF(J3508>300,1,0) | O3508: =IF(J3508>600,1,0) | P3508: =IF(H3508>0,J3508,"") | Q3508: =TEXT(A3508,"YYYY-MM-DD HH") | R3508: =COUNTIF($Q$2:$Q$5295,Q3508) | S3508: =IF(R3508<=2,"1-2",IF(R3508<=5,"3-5",IF(R3508<=10,"6-10","11+")))
A3509: 46206.44 | B3509: =TEXT(A3509,"YYYY-MM") | C3509: =TEXT(A3509,"MMM-YYYY") | D3509: =INT(A3509)-WEEKDAY(A3509,2)+1 | E3509: psathwika | F3509: 131801 | G3509: 1 | H3509: 7 | I3509: 2 minute(s) and 47 second(s) | J3509: =IFERROR(VALUE(TRIM(LEFT(I3509,FIND("minute",I3509)-1)))*60,0)+IFERROR(VALUE(SUBSTITUTE(MID(I3509,IFERROR(FIND("and",I3509)+3,1),20),"second(s)","")),0) | K3509: =J3509/60 | L3509: =IFERROR(J3509/H3509,"") | M3509: 2.5.12 | N3509: =IF(J3509>300,1,0) | O3509: =IF(J3509>600,1,0) | P3509: =IF(H3509>0,J3509,"") | Q3509: =TEXT(A3509,"YYYY-MM-DD HH") | R3509: =COUNTIF($Q$2:$Q$5295,Q3509) | S3509: =IF(R3509<=2,"1-2",IF(R3509<=5,"3-5",IF(R3509<=10,"6-10","11+")))
A3510: 46206.44 | B3510: =TEXT(A3510,"YYYY-MM") | C3510: =TEXT(A3510,"MMM-YYYY") | D3510: =INT(A3510)-WEEKDAY(A3510,2)+1 | E3510: adey | F3510: 132313 | G3510: 2 | H3510: 10 | I3510: 3 minute(s) and 12 second(s) | J3510: =IFERROR(VALUE(TRIM(LEFT(I3510,FIND("minute",I3510)-1)))*60,0)+IFERROR(VALUE(SUBSTITUTE(MID(I3510,IFERROR(FIND("and",I3510)+3,1),20),"second(s)","")),0) | K3510: =J3510/60 | L3510: =IFERROR(J3510/H3510,"") | M3510: 2.5.12 | N3510: =IF(J3510>300,1,0) | O3510: =IF(J3510>600,1,0) | P3510: =IF(H3510>0,J3510,"") | Q3510: =TEXT(A3510,"YYYY-MM-DD HH") | R3510: =COUNTIF($Q$2:$Q$5295,Q3510) | S3510: =IF(R3510<=2,"1-2",IF(R3510<=5,"3-5",IF(R3510<=10,"6-10","11+")))
A3511: 46206.441 | B3511: =TEXT(A3511,"YYYY-MM") | C3511: =TEXT(A3511,"MMM-YYYY") | D3511: =INT(A3511)-WEEKDAY(A3511,2)+1 | E3511: mgupta | F3511: 132049 | G3511: 2 | H3511: 10 | I3511: 2 minute(s) and 37 second(s) | J3511: =IFERROR(VALUE(TRIM(LEFT(I3511,FIND("minute",I3511)-1)))*60,0)+IFERROR(VALUE(SUBSTITUTE(MID(I3511,IFERROR(FIND("and",I3511)+3,1),20),"second(s)","")),0) | K3511: =J3511/60 | L3511: =IFERROR(J3511/H3511,"") | M3511: 2.5.12 | N3511: =IF(J3511>300,1,0) | O3511: =IF(J3511>600,1,0) | P3511: =IF(H3511>0,J3511,"") | Q3511: =TEXT(A3511,"YYYY-MM-DD HH") | R3511: =COUNTIF($Q$2:$Q$5295,Q3511) | S3511: =IF(R3511<=2,"1-2",IF(R3511<=5,"3-5",IF(R3511<=10,"6-10","11+")))
A3512: 46206.495 | B3512: =TEXT(A3512,"YYYY-MM") | C3512: =TEXT(A3512,"MMM-YYYY") | D3512: =INT(A3512)-WEEKDAY(A3512,2)+1 | E3512: ssaha | F3512: 128201 | G3512: 4 | H3512: 24 | I3512: 7 minute(s) and 18 second(s) | J3512: =IFERROR(VALUE(TRIM(LEFT(I3512,FIND("minute",I3512)-1)))*60,0)+IFERROR(VALUE(SUBSTITUTE(MID(I3512,IFERROR(FIND("and",I3512)+3,1),20),"second(s)","")),0) | K3512: =J3512/60 | L3512: =IFERROR(J3512/H3512,"") | M3512: 2.5.12 | N3512: =IF(J3512>300,1,0) | O3512: =IF(J3512>600,1,0) | P3512: =IF(H3512>0,J3512,"") | Q3512: =TEXT(A3512,"YYYY-MM-DD HH") | R3512: =COUNTIF($Q$2:$Q$5295,Q3512) | S3512: =IF(R3512<=2,"1-2",IF(R3512<=5,"3-5",IF(R3512<=10,"6-10","11+")))
A3513: 46206.56 | B3513: =TEXT(A3513,"YYYY-MM") | C3513: =TEXT(A3513,"MMM-YYYY") | D3513: =INT(A3513)-WEEKDAY(A3513,2)+1 | E3513: ssaha | F3513: 129218 | G3513: 4 | H3513: 14 | I3513: 8 minute(s) and 31 second(s) | J3513: =IFERROR(VALUE(TRIM(LEFT(I3513,FIND("minute",I3513)-1)))*60,0)+IFERROR(VALUE(SUBSTITUTE(MID(I3513,IFERROR(FIND("and",I3513)+3,1),20),"second(s)","")),0) | K3513: =J3513/60 | L3513: =IFERROR(J3513/H3513,"") | M3513: 2.5.12 | N3513: =IF(J3513>300,1,0) | O3513: =IF(J3513>600,1,0) | P3513: =IF(H3513>0,J3513,"") | Q3513: =TEXT(A3513,"YYYY-MM-DD HH") | R3513: =COUNTIF($Q$2:$Q$5295,Q3513) | S3513: =IF(R3513<=2,"1-2",IF(R3513<=5,"3-5",IF(R3513<=10,"6-10","11+")))
A3514: 46206.615 | B3514: =TEXT(A3514,"YYYY-MM") | C3514: =TEXT(A3514,"MMM-YYYY") | D3514: =INT(A3514)-WEEKDAY(A3514,2)+1 | E3514: ssaha | F3514: 130394 | G3514: 2 | H3514: 6 | I3514: 3 minute(s) and 40 second(s) | J3514: =IFERROR(VALUE(TRIM(LEFT(I3514,FIND("minute",I3514)-1)))*60,0)+IFERROR(VALUE(SUBSTITUTE(MID(I3514,IFERROR(FIND("and",I3514)+3,1),20),"second(s)","")),0) | K3514: =J3514/60 | L3514: =IFERROR(J3514/H3514,"") | M3514: 2.5.12 | N3514: =IF(J3514>300,1,0) | O3514: =IF(J3514>600,1,0) | P3514: =IF(H3514>0,J3514,"") | Q3514: =TEXT(A3514,"YYYY-MM-DD HH") | R3514: =COUNTIF($Q$2:$Q$5295,Q3514) | S3514: =IF(R3514<=2,"1-2",IF(R3514<=5,"3-5",IF(R3514<=10,"6-10","11+")))
A3515: 46206.635 | B3515: =TEXT(A3515,"YYYY-MM") | C3515: =TEXT(A3515,"MMM-YYYY") | D3515: =INT(A3515)-WEEKDAY(A3515,2)+1 | E3515: rsingh | F3515: 127897 | G3515: 4 | H3515: 14 | I3515: 6 minute(s) and 10 second(s) | J3515: =IFERROR(VALUE(TRIM(LEFT(I3515,FIND("minute",I3515)-1)))*60,0)+IFERROR(VALUE(SUBSTITUTE(MID(I3515,IFERROR(FIND("and",I3515)+3,1),20),"second(s)","")),0) | K3515: =J3515/60 | L3515: =IFERROR(J3515/H3515,"") | M3515: 2.5.12 | N3515: =IF(J3515>300,1,0) | O3515: =IF(J3515>600,1,0) | P3515: =IF(H3515>0,J3515,"") | Q3515: =TEXT(A3515,"YYYY-MM-DD HH") | R3515: =COUNTIF($Q$2:$Q$5295,Q3515) | S3515: =IF(R3515<=2,"1-2",IF(R3515<=5,"3-5",IF(R3515<=10,"6-10","11+")))
A3516: 46206.667 | B3516: =TEXT(A3516,"YYYY-MM") | C3516: =TEXT(A3516,"MMM-YYYY") | D3516: =INT(A3516)-WEEKDAY(A3516,2)+1 | E3516: psingh | F3516: 131385 | G3516: 1 | H3516: 5 | I3516: 2 minute(s) and 46 second(s) | J3516: =IFERROR(VALUE(TRIM(LEFT(I3516,FIND("minute",I3516)-1)))*60,0)+IFERROR(VALUE(SUBSTITUTE(MID(I3516,IFERROR(FIND("and",I3516)+3,1),20),"second(s)","")),0) | K3516: =J3516/60 | L3516: =IFERROR(J3516/H3516,"") | M3516: 2.5.12 | N3516: =IF(J3516>300,1,0) | O3516: =IF(J3516>600,1,0) | P3516: =IF(H3516>0,J3516,"") | Q3516: =TEXT(A3516,"YYYY-MM-DD HH") | R3516: =COUNTIF($Q$2:$Q$5295,Q3516) | S3516: =IF(R3516<=2,"1-2",IF(R3516<=5,"3-5",IF(R3516<=10,"6-10","11+")))
A3517: 46206.682 | B3517: =TEXT(A3517,"YYYY-MM") | C3517: =TEXT(A3517,"MMM-YYYY") | D3517: =INT(A3517)-WEEKDAY(A3517,2)+1 | E3517: rsingh | F3517: 129161 | G3517: 3 | H3517: 11 | I3517: 2 minute(s) and 51 second(s) | J3517: =IFERROR(VALUE(TRIM(LEFT(I3517,FIND("minute",I3517)-1)))*60,0)+IFERROR(VALUE(SUBSTITUTE(MID(I3517,IFERROR(FIND("and",I3517)+3,1),20),"second(s)","")),0) | K3517: =J3517/60 | L3517: =IFERROR(J3517/H3517,"") | M3517: 2.5.12 | N3517: =IF(J3517>300,1,0) | O3517: =IF(J3517>600,1,0) | P3517: =IF(H3517>0,J3517,"") | Q3517: =TEXT(A3517,"YYYY-MM-DD HH") | R3517: =COUNTIF($Q$2:$Q$5295,Q3517) | S3517: =IF(R3517<=2,"1-2",IF(R3517<=5,"3-5",IF(R3517<=10,"6-10","11+")))
A3518: 46206.787 | B3518: =TEXT(A3518,"YYYY-MM") | C3518: =TEXT(A3518,"MMM-YYYY") | D3518: =INT(A3518)-WEEKDAY(A3518,2)+1 | E3518: ssaha | F3518: 131670 | G3518: 4 | H3518: 20 | I3518: 6 minute(s) and 5 second(s) | J3518: =IFERROR(VALUE(TRIM(LEFT(I3518,FIND("minute",I3518)-1)))*60,0)+IFERROR(VALUE(SUBSTITUTE(MID(I3518,IFERROR(FIND("and",I3518)+3,1),20),"second(s)","")),0) | K3518: =J3518/60 | L3518: =IFERROR(J3518/H3518,"") | M3518: 2.5.12 | N3518: =IF(J3518>300,1,0) | O3518: =IF(J3518>600,1,0) | P3518: =IF(H3518>0,J3518,"") | Q3518: =TEXT(A3518,"YYYY-MM-DD HH") | R3518: =COUNTIF($Q$2:$Q$5295,Q3518) | S3518: =IF(R3518<=2,"1-2",IF(R3518<=5,"3-5",IF(R3518<=10,"6-10","11+")))
A3519: 46206.793 | B3519: =TEXT(A3519,"YYYY-MM") | C3519: =TEXT(A3519,"MMM-YYYY") | D3519: =INT(A3519)-WEEKDAY(A3519,2)+1 | E3519: ssaha | F3519: 131670 | G3519: 4 | H3519: 20 | I3519: 5 minute(s) and 17 second(s) | J3519: =IFERROR(VALUE(TRIM(LEFT(I3519,FIND("minute",I3519)-1)))*60,0)+IFERROR(VALUE(SUBSTITUTE(MID(I3519,IFERROR(FIND("and",I3519)+3,1),20),"second(s)","")),0) | K3519: =J3519/60 | L3519: =IFERROR(J3519/H3519,"") | M3519: 2.5.12 | N3519: =IF(J3519>300,1,0) | O3519: =IF(J3519>600,1,0) | P3519: =IF(H3519>0,J3519,"") | Q3519: =TEXT(A3519,"YYYY-MM-DD HH") | R3519: =COUNTIF($Q$2:$Q$5295,Q3519) | S3519: =IF(R3519<=2,"1-2",IF(R3519<=5,"3-5",IF(R3519<=10,"6-10","11+")))
A3520: 46206.848 | B3520: =TEXT(A3520,"YYYY-MM") | C3520: =TEXT(A3520,"MMM-YYYY") | D3520: =INT(A3520)-WEEKDAY(A3520,2)+1 | E3520: ssaha | F3520: test | G3520: 1 | H3520: 3 | I3520: 1 minute(s) and 26 second(s) | J3520: =IFERROR(VALUE(TRIM(LEFT(I3520,FIND("minute",I3520)-1)))*60,0)+IFERROR(VALUE(SUBSTITUTE(MID(I3520,IFERROR(FIND("and",I3520)+3,1),20),"second(s)","")),0) | K3520: =J3520/60 | L3520: =IFERROR(J3520/H3520,"") | M3520: 2.5.12 | N3520: =IF(J3520>300,1,0) | O3520: =IF(J3520>600,1,0) | P3520: =IF(H3520>0,J3520,"") | Q3520: =TEXT(A3520,"YYYY-MM-DD HH") | R3520: =COUNTIF($Q$2:$Q$5295,Q3520) | S3520: =IF(R3520<=2,"1-2",IF(R3520<=5,"3-5",IF(R3520<=10,"6-10","11+")))
A3521: 46209.068 | B3521: =TEXT(A3521,"YYYY-MM") | C3521: =TEXT(A3521,"MMM-YYYY") | D3521: =INT(A3521)-WEEKDAY(A3521,2)+1 | E3521: shassan | F3521: 127908 | G3521: 2 | H3521: 8 | I3521: 1 minute(s) and 50 second(s) | J3521: =IFERROR(VALUE(TRIM(LEFT(I3521,FIND("minute",I3521)-1)))*60,0)+IFERROR(VALUE(SUBSTITUTE(MID(I3521,IFERROR(FIND("and",I3521)+3,1),20),"second(s)","")),0) | K3521: =J3521/60 | L3521: =IFERROR(J3521/H3521,"") | M3521: 2.5.12 | N3521: =IF(J3521>300,1,0) | O3521: =IF(J3521>600,1,0) | P3521: =IF(H3521>0,J3521,"") | Q3521: =TEXT(A3521,"YYYY-MM-DD HH") | R3521: =COUNTIF($Q$2:$Q$5295,Q3521) | S3521: =IF(R3521<=2,"1-2",IF(R3521<=5,"3-5",IF(R3521<=10,"6-10","11+")))
A3522: 46209.078 | B3522: =TEXT(A3522,"YYYY-MM") | C3522: =TEXT(A3522,"MMM-YYYY") | D3522: =INT(A3522)-WEEKDAY(A3522,2)+1 | E3522: psathwika | F3522: 131672 | G3522: 1 | H3522: 7 | I3522: 1 minute(s) and 28 second(s) | J3522: =IFERROR(VALUE(TRIM(LEFT(I3522,FIND("minute",I3522)-1)))*60,0)+IFERROR(VALUE(SUBSTITUTE(MID(I3522,IFERROR(FIND("and",I3522)+3,1),20),"second(s)","")),0) | K3522: =J3522/60 | L3522: =IFERROR(J3522/H3522,"") | M3522: 2.5.12 | N3522: =IF(J3522>300,1,0) | O3522: =IF(J3522>600,1,0) | P3522: =IF(H3522>0,J3522,"") | Q3522: =TEXT(A3522,"YYYY-MM-DD HH") | R3522: =COUNTIF($Q$2:$Q$5295,Q3522) | S3522: =IF(R3522<=2,"1-2",IF(R3522<=5,"3-5",IF(R3522<=10,"6-10","11+")))
A3523: 46209.085 | B3523: =TEXT(A3523,"YYYY-MM") | C3523: =TEXT(A3523,"MMM-YYYY") | D3523: =INT(A3523)-WEEKDAY(A3523,2)+1 | E3523: dchoudhury | F3523: 128027 | G3523: 4 | H3523: 14 | I3523: 4 minute(s) and 13 second(s) | J3523: =IFERROR(VALUE(TRIM(LEFT(I3523,FIND("minute",I3523)-1)))*60,0)+IFERROR(VALUE(SUBSTITUTE(MID(I3523,IFERROR(FIND("and",I3523)+3,1),20),"second(s)","")),0) | K3523: =J3523/60 | L3523: =IFERROR(J3523/H3523,"") | M3523: 2.5.12 | N3523: =IF(J3523>300,1,0) | O3523: =IF(J3523>600,1,0) | P3523: =IF(H3523>0,J3523,"") | Q3523: =TEXT(A3523,"YYYY-MM-DD HH") | R3523: =COUNTIF($Q$2:$Q$5295,Q3523) | S3523: =IF(R3523<=2,"1-2",IF(R3523<=5,"3-5",IF(R3523<=10,"6-10","11+")))
A3524: 46209.091 | B3524: =TEXT(A3524,"YYYY-MM") | C3524: =TEXT(A3524,"MMM-YYYY") | D3524: =INT(A3524)-WEEKDAY(A3524,2)+1 | E3524: mgupta | F3524: 127924 | G3524: 2 | H3524: 6 | I3524: 1 minute(s) and 29 second(s) | J3524: =IFERROR(VALUE(TRIM(LEFT(I3524,FIND("minute",I3524)-1)))*60,0)+IFERROR(VALUE(SUBSTITUTE(MID(I3524,IFERROR(FIND("and",I3524)+3,1),20),"second(s)","")),0) | K3524: =J3524/60 | L3524: =IFERROR(J3524/H3524,"") | M3524: 2.5.12 | N3524: =IF(J3524>300,1,0) | O3524: =IF(J3524>600,1,0) | P3524: =IF(H3524>0,J3524,"") | Q3524: =TEXT(A3524,"YYYY-MM-DD HH") | R3524: =COUNTIF($Q$2:$Q$5295,Q3524) | S3524: =IF(R3524<=2,"1-2",IF(R3524<=5,"3-5",IF(R3524<=10,"6-10","11+")))
A3525: 46209.099 | B3525: =TEXT(A3525,"YYYY-MM") | C3525: =TEXT(A3525,"MMM-YYYY") | D3525: =INT(A3525)-WEEKDAY(A3525,2)+1 | E3525: bverma | F3525: 128079 | G3525: 4 | H3525: 24 | I3525: 6 minute(s) and 55 second(s) | J3525: =IFERROR(VALUE(TRIM(LEFT(I3525,FIND("minute",I3525)-1)))*60,0)+IFERROR(VALUE(SUBSTITUTE(MID(I3525,IFERROR(FIND("and",I3525)+3,1),20),"second(s)","")),0) | K3525: =J3525/60 | L3525: =IFERROR(J3525/H3525,"") | M3525: 2.5.12 | N3525: =IF(J3525>300,1,0) | O3525: =IF(J3525>600,1,0) | P3525: =IF(H3525>0,J3525,"") | Q3525: =TEXT(A3525,"YYYY-MM-DD HH") | R3525: =COUNTIF($Q$2:$Q$5295,Q3525) | S3525: =IF(R3525<=2,"1-2",IF(R3525<=5,"3-5",IF(R3525<=10,"6-10","11+")))
A3526: 46209.104 | B3526: =TEXT(A3526,"YYYY-MM") | C3526: =TEXT(A3526,"MMM-YYYY") | D3526: =INT(A3526)-WEEKDAY(A3526,2)+1 | E3526: shassan | F3526: 127947 | G3526: 4 | H3526: 14 | I3526: 4 minute(s) and 33 second(s) | J3526: =IFERROR(VALUE(TRIM(LEFT(I3526,FIND("minute",I3526)-1)))*60,0)+IFERROR(VALUE(SUBSTITUTE(MID(I3526,IFERROR(FIND("and",I3526)+3,1),20),"second(s)","")),0) | K3526: =J3526/60 | L3526: =IFERROR(J3526/H3526,"") | M3526: 2.5.12 | N3526: =IF(J3526>300,1,0) | O3526: =IF(J3526>600,1,0) | P3526: =IF(H3526>0,J3526,"") | Q3526: =TEXT(A3526,"YYYY-MM-DD HH") | R3526: =COUNTIF($Q$2:$Q$5295,Q3526) | S3526: =IF(R3526<=2,"1-2",IF(R3526<=5,"3-5",IF(R3526<=10,"6-10","11+")))
A3527: 46209.12 | B3527: =TEXT(A3527,"YYYY-MM") | C3527: =TEXT(A3527,"MMM-YYYY") | D3527: =INT(A3527)-WEEKDAY(A3527,2)+1 | E3527: apriyadarshi | F3527: 128166 | G3527: 4 | H3527: 15 | I3527: 3 minute(s) and 33 second(s) | J3527: =IFERROR(VALUE(TRIM(LEFT(I3527,FIND("minute",I3527)-1)))*60,0)+IFERROR(VALUE(SUBSTITUTE(MID(I3527,IFERROR(FIND("and",I3527)+3,1),20),"second(s)","")),0) | K3527: =J3527/60 | L3527: =IFERROR(J3527/H3527,"") | M3527: 2.5.12 | N3527: =IF(J3527>300,1,0) | O3527: =IF(J3527>600,1,0) | P3527: =IF(H3527>0,J3527,"") | Q3527: =TEXT(A3527,"YYYY-MM-DD HH") | R3527: =COUNTIF($Q$2:$Q$5295,Q3527) | S3527: =IF(R3527<=2,"1-2",IF(R3527<=5,"3-5",IF(R3527<=10,"6-10","11+")))
A3528: 46209.12 | B3528: =TEXT(A3528,"YYYY-MM") | C3528: =TEXT(A3528,"MMM-YYYY") | D3528: =INT(A3528)-WEEKDAY(A3528,2)+1 | E3528: hsindwani | F3528: 132213 | G3528: 1 | H3528: 8 | I3528: 1 minute(s) and 55 second(s) | J3528: =IFERROR(VALUE(TRIM(LEFT(I3528,FIND("minute",I3528)-1)))*60,0)+IFERROR(VALUE(SUBSTITUTE(MID(I3528,IFERROR(FIND("and",I3528)+3,1),20),"second(s)","")),0) | K3528: =J3528/60 | L3528: =IFERROR(J3528/H3528,"") | M3528: 2.5.12 | N3528: =IF(J3528>300,1,0) | O3528: =IF(J3528>600,1,0) | P3528: =IF(H3528>0,J3528,"") | Q3528: =TEXT(A3528,"YYYY-MM-DD HH") | R3528: =COUNTIF($Q$2:$Q$5295,Q3528) | S3528: =IF(R3528<=2,"1-2",IF(R3528<=5,"3-5",IF(R3528<=10,"6-10","11+")))
A3529: 46209.122 | B3529: =TEXT(A3529,"YYYY-MM") | C3529: =TEXT(A3529,"MMM-YYYY") | D3529: =INT(A3529)-WEEKDAY(A3529,2)+1 | E3529: dchoudhury | F3529: 128027 | G3529: 5 | H3529: 23 | I3529: 4 minute(s) and 37 second(s) | J3529: =IFERROR(VALUE(TRIM(LEFT(I3529,FIND("minute",I3529)-1)))*60,0)+IFERROR(VALUE(SUBSTITUTE(MID(I3529,IFERROR(FIND("and",I3529)+3,1),20),"second(s)","")),0) | K3529: =J3529/60 | L3529: =IFERROR(J3529/H3529,"") | M3529: 2.5.12 | N3529: =IF(J3529>300,1,0) | O3529: =IF(J3529>600,1,0) | P3529: =IF(H3529>0,J3529,"") | Q3529: =TEXT(A3529,"YYYY-MM-DD HH") | R3529: =COUNTIF($Q$2:$Q$5295,Q3529) | S3529: =IF(R3529<=2,"1-2",IF(R3529<=5,"3-5",IF(R3529<=10,"6-10","11+")))
A3530: 46209.127 | B3530: =TEXT(A3530,"YYYY-MM") | C3530: =TEXT(A3530,"MMM-YYYY") | D3530: =INT(A3530)-WEEKDAY(A3530,2)+1 | E3530: psathwika | F3530: 131240 | G3530: 3 | H3530: 13 | I3530: 4 minute(s) and 10 second(s) | J3530: =IFERROR(VALUE(TRIM(LEFT(I3530,FIND("minute",I3530)-1)))*60,0)+IFERROR(VALUE(SUBSTITUTE(MID(I3530,IFERROR(FIND("and",I3530)+3,1),20),"second(s)","")),0) | K3530: =J3530/60 | L3530: =IFERROR(J3530/H3530,"") | M3530: 2.5.12 | N3530: =IF(J3530>300,1,0) | O3530: =IF(J3530>600,1,0) | P3530: =IF(H3530>0,J3530,"") | Q3530: =TEXT(A3530,"YYYY-MM-DD HH") | R3530: =COUNTIF($Q$2:$Q$5295,Q3530) | S3530: =IF(R3530<=2,"1-2",IF(R3530<=5,"3-5",IF(R3530<=10,"6-10","11+")))
A3531: 46209.139 | B3531: =TEXT(A3531,"YYYY-MM") | C3531: =TEXT(A3531,"MMM-YYYY") | D3531: =INT(A3531)-WEEKDAY(A3531,2)+1 | E3531: csaha | F3531: 128512 | G3531: 1 | H3531: 7 | I3531: 1 minute(s) and 5 second(s) | J3531: =IFERROR(VALUE(TRIM(LEFT(I3531,FIND("minute",I3531)-1)))*60,0)+IFERROR(VALUE(SUBSTITUTE(MID(I3531,IFERROR(FIND("and",I3531)+3,1),20),"second(s)","")),0) | K3531: =J3531/60 | L3531: =IFERROR(J3531/H3531,"") | M3531: 2.5.12 | N3531: =IF(J3531>300,1,0) | O3531: =IF(J3531>600,1,0) | P3531: =IF(H3531>0,J3531,"") | Q3531: =TEXT(A3531,"YYYY-MM-DD HH") | R3531: =COUNTIF($Q$2:$Q$5295,Q3531) | S3531: =IF(R3531<=2,"1-2",IF(R3531<=5,"3-5",IF(R3531<=10,"6-10","11+")))
A3532: 46209.14 | B3532: =TEXT(A3532,"YYYY-MM") | C3532: =TEXT(A3532,"MMM-YYYY") | D3532: =INT(A3532)-WEEKDAY(A3532,2)+1 | E3532: asahoo | F3532: 129196 | G3532: 1 | H3532: 5 | I3532: 1 minute(s) and 16 second(s) | J3532: =IFERROR(VALUE(TRIM(LEFT(I3532,FIND("minute",I3532)-1)))*60,0)+IFERROR(VALUE(SUBSTITUTE(MID(I3532,IFERROR(FIND("and",I3532)+3,1),20),"second(s)","")),0) | K3532: =J3532/60 | L3532: =IFERROR(J3532/H3532,"") | M3532: 2.5.12 | N3532: =IF(J3532>300,1,0) | O3532: =IF(J3532>600,1,0) | P3532: =IF(H3532>0,J3532,"") | Q3532: =TEXT(A3532,"YYYY-MM-DD HH") | R3532: =COUNTIF($Q$2:$Q$5295,Q3532) | S3532: =IF(R3532<=2,"1-2",IF(R3532<=5,"3-5",IF(R3532<=10,"6-10","11+")))
... A4406: 46224.369 | B4406: =TEXT(A4406,"YYYY-MM") | C4406: =TEXT(A4406,"MMM-YYYY") | D4406: =INT(A4406)-WEEKDAY(A4406,2)+1 | E4406: shassan | F4406: 131011 | G4406: 4 | H4406: 20 | I4406: 3 minute(s) and 58 second(s) | J4406: =IFERROR(VALUE(TRIM(LEFT(I4406,FIND("minute",I4406)-1)))*60,0)+IFERROR(VALUE(SUBSTITUTE(MID(I4406,IFERROR(FIND("and",I4406)+3,1),20),"second(s)","")),0) | K4406: =J4406/60 | L4406: =IFERROR(J4406/H4406,"") | M4406: 2.5.12 | N4406: =IF(J4406>300,1,0) | O4406: =IF(J4406>600,1,0) | P4406: =IF(H4406>0,J4406,"") | Q4406: =TEXT(A4406,"YYYY-MM-DD HH") | R4406: =COUNTIF($Q$2:$Q$5295,Q4406) | S4406: =IF(R4406<=2,"1-2",IF(R4406<=5,"3-5",IF(R4406<=10,"6-10","11+")))
A4407: 46224.372 | B4407: =TEXT(A4407,"YYYY-MM") | C4407: =TEXT(A4407,"MMM-YYYY") | D4407: =INT(A4407)-WEEKDAY(A4407,2)+1 | E4407: aupadhayay | F4407: ALERT2349812 | G4407: 4 | H4407: 20 | I4407: 2 minute(s) and 7 second(s) | J4407: =IFERROR(VALUE(TRIM(LEFT(I4407,FIND("minute",I4407)-1)))*60,0)+IFERROR(VALUE(SUBSTITUTE(MID(I4407,IFERROR(FIND("and",I4407)+3,1),20),"second(s)","")),0) | K4407: =J4407/60 | L4407: =IFERROR(J4407/H4407,"") | M4407: 2.5.12 | N4407: =IF(J4407>300,1,0) | O4407: =IF(J4407>600,1,0) | P4407: =IF(H4407>0,J4407,"") | Q4407: =TEXT(A4407,"YYYY-MM-DD HH") | R4407: =COUNTIF($Q$2:$Q$5295,Q4407) | S4407: =IF(R4407<=2,"1-2",IF(R4407<=5,"3-5",IF(R4407<=10,"6-10","11+")))
A4408: 46224.372 | B4408: =TEXT(A4408,"YYYY-MM") | C4408: =TEXT(A4408,"MMM-YYYY") | D4408: =INT(A4408)-WEEKDAY(A4408,2)+1 | E4408: smukhopadhyay | F4408: 131305 | G4408: 3 | H4408: 19 | I4408: 3 minute(s) and 4 second(s) | J4408: =IFERROR(VALUE(TRIM(LEFT(I4408,FIND("minute",I4408)-1)))*60,0)+IFERROR(VALUE(SUBSTITUTE(MID(I4408,IFERROR(FIND("and",I4408)+3,1),20),"second(s)","")),0) | K4408: =J4408/60 | L4408: =IFERROR(J4408/H4408,"") | M4408: 2.5.12 | N4408: =IF(J4408>300,1,0) | O4408: =IF(J4408>600,1,0) | P4408: =IF(H4408>0,J4408,"") | Q4408: =TEXT(A4408,"YYYY-MM-DD HH") | R4408: =COUNTIF($Q$2:$Q$5295,Q4408) | S4408: =IF(R4408<=2,"1-2",IF(R4408<=5,"3-5",IF(R4408<=10,"6-10","11+")))
A4409: 46224.373 | B4409: =TEXT(A4409,"YYYY-MM") | C4409: =TEXT(A4409,"MMM-YYYY") | D4409: =INT(A4409)-WEEKDAY(A4409,2)+1 | E4409: sswati | F4409: 132429 | G4409: 1 | H4409: 7 | I4409: 51 second(s) | J4409: =IFERROR(VALUE(TRIM(LEFT(I4409,FIND("minute",I4409)-1)))*60,0)+IFERROR(VALUE(SUBSTITUTE(MID(I4409,IFERROR(FIND("and",I4409)+3,1),20),"second(s)","")),0) | K4409: =J4409/60 | L4409: =IFERROR(J4409/H4409,"") | M4409: 2.5.12 | N4409: =IF(J4409>300,1,0) | O4409: =IF(J4409>600,1,0) | P4409: =IF(H4409>0,J4409,"") | Q4409: =TEXT(A4409,"YYYY-MM-DD HH") | R4409: =COUNTIF($Q$2:$Q$5295,Q4409) | S4409: =IF(R4409<=2,"1-2",IF(R4409<=5,"3-5",IF(R4409<=10,"6-10","11+")))
A4410: 46224.379 | B4410: =TEXT(A4410,"YYYY-MM") | C4410: =TEXT(A4410,"MMM-YYYY") | D4410: =INT(A4410)-WEEKDAY(A4410,2)+1 | E4410: aghosh | F4410: 128691 | G4410: 4 | H4410: 26 | I4410: 4 minute(s) and 25 second(s) | J4410: =IFERROR(VALUE(TRIM(LEFT(I4410,FIND("minute",I4410)-1)))*60,0)+IFERROR(VALUE(SUBSTITUTE(MID(I4410,IFERROR(FIND("and",I4410)+3,1),20),"second(s)","")),0) | K4410: =J4410/60 | L4410: =IFERROR(J4410/H4410,"") | M4410: 2.5.12 | N4410: =IF(J4410>300,1,0) | O4410: =IF(J4410>600,1,0) | P4410: =IF(H4410>0,J4410,"") | Q4410: =TEXT(A4410,"YYYY-MM-DD HH") | R4410: =COUNTIF($Q$2:$Q$5295,Q4410) | S4410: =IF(R4410<=2,"1-2",IF(R4410<=5,"3-5",IF(R4410<=10,"6-10","11+")))
A4411: 46224.38 | B4411: =TEXT(A4411,"YYYY-MM") | C4411: =TEXT(A4411,"MMM-YYYY") | D4411: =INT(A4411)-WEEKDAY(A4411,2)+1 | E4411: aupadhayay | F4411: 130880 | G4411: 4 | H4411: 20 | I4411: 2 minute(s) and 18 second(s) | J4411: =IFERROR(VALUE(TRIM(LEFT(I4411,FIND("minute",I4411)-1)))*60,0)+IFERROR(VALUE(SUBSTITUTE(MID(I4411,IFERROR(FIND("and",I4411)+3,1),20),"second(s)","")),0) | K4411: =J4411/60 | L4411: =IFERROR(J4411/H4411,"") | M4411: 2.5.12 | N4411: =IF(J4411>300,1,0) | O4411: =IF(J4411>600,1,0) | P4411: =IF(H4411>0,J4411,"") | Q4411: =TEXT(A4411,"YYYY-MM-DD HH") | R4411: =COUNTIF($Q$2:$Q$5295,Q4411) | S4411: =IF(R4411<=2,"1-2",IF(R4411<=5,"3-5",IF(R4411<=10,"6-10","11+")))
A4412: 46224.381 | B4412: =TEXT(A4412,"YYYY-MM") | C4412: =TEXT(A4412,"MMM-YYYY") | D4412: =INT(A4412)-WEEKDAY(A4412,2)+1 | E4412: ethomas | F4412: 129064 | G4412: 1 | H4412: 6 | I4412: 23 second(s) | J4412: =IFERROR(VALUE(TRIM(LEFT(I4412,FIND("minute",I4412)-1)))*60,0)+IFERROR(VALUE(SUBSTITUTE(MID(I4412,IFERROR(FIND("and",I4412)+3,1),20),"second(s)","")),0) | K4412: =J4412/60 | L4412: =IFERROR(J4412/H4412,"") | M4412: 2.5.12 | N4412: =IF(J4412>300,1,0) | O4412: =IF(J4412>600,1,0) | P4412: =IF(H4412>0,J4412,"") | Q4412: =TEXT(A4412,"YYYY-MM-DD HH") | R4412: =COUNTIF($Q$2:$Q$5295,Q4412) | S4412: =IF(R4412<=2,"1-2",IF(R4412<=5,"3-5",IF(R4412<=10,"6-10","11+")))
A4413: 46224.382 | B4413: =TEXT(A4413,"YYYY-MM") | C4413: =TEXT(A4413,"MMM-YYYY") | D4413: =INT(A4413)-WEEKDAY(A4413,2)+1 | E4413: ssrinivasan | F4413: 128152 | G4413: 2 | H4413: 15 | I4413: 2 minute(s) and 14 second(s) | J4413: =IFERROR(VALUE(TRIM(LEFT(I4413,FIND("minute",I4413)-1)))*60,0)+IFERROR(VALUE(SUBSTITUTE(MID(I4413,IFERROR(FIND("and",I4413)+3,1),20),"second(s)","")),0) | K4413: =J4413/60 | L4413: =IFERROR(J4413/H4413,"") | M4413: 2.5.12 | N4413: =IF(J4413>300,1,0) | O4413: =IF(J4413>600,1,0) | P4413: =IF(H4413>0,J4413,"") | Q4413: =TEXT(A4413,"YYYY-MM-DD HH") | R4413: =COUNTIF($Q$2:$Q$5295,Q4413) | S4413: =IF(R4413<=2,"1-2",IF(R4413<=5,"3-5",IF(R4413<=10,"6-10","11+")))
A4414: 46224.383 | B4414: =TEXT(A4414,"YYYY-MM") | C4414: =TEXT(A4414,"MMM-YYYY") | D4414: =INT(A4414)-WEEKDAY(A4414,2)+1 | E4414: emishra | F4414: 130400 | G4414: 1 | H4414: 7 | I4414: 1 minute(s) and 1 second(s) | J4414: =IFERROR(VALUE(TRIM(LEFT(I4414,FIND("minute",I4414)-1)))*60,0)+IFERROR(VALUE(SUBSTITUTE(MID(I4414,IFERROR(FIND("and",I4414)+3,1),20),"second(s)","")),0) | K4414: =J4414/60 | L4414: =IFERROR(J4414/H4414,"") | M4414: 2.5.12 | N4414: =IF(J4414>300,1,0) | O4414: =IF(J4414>600,1,0) | P4414: =IF(H4414>0,J4414,"") | Q4414: =TEXT(A4414,"YYYY-MM-DD HH") | R4414: =COUNTIF($Q$2:$Q$5295,Q4414) | S4414: =IF(R4414<=2,"1-2",IF(R4414<=5,"3-5",IF(R4414<=10,"6-10","11+")))
A4415: 46224.387 | B4415: =TEXT(A4415,"YYYY-MM") | C4415: =TEXT(A4415,"MMM-YYYY") | D4415: =INT(A4415)-WEEKDAY(A4415,2)+1 | E4415: psathwika | F4415: 129656 | G4415: 2 | H4415: 10 | I4415: 50 second(s) | J4415: =IFERROR(VALUE(TRIM(LEFT(I4415,FIND("minute",I4415)-1)))*60,0)+IFERROR(VALUE(SUBSTITUTE(MID(I4415,IFERROR(FIND("and",I4415)+3,1),20),"second(s)","")),0) | K4415: =J4415/60 | L4415: =IFERROR(J4415/H4415,"") | M4415: 2.5.12 | N4415: =IF(J4415>300,1,0) | O4415: =IF(J4415>600,1,0) | P4415: =IF(H4415>0,J4415,"") | Q4415: =TEXT(A4415,"YYYY-MM-DD HH") | R4415: =COUNTIF($Q$2:$Q$5295,Q4415) | S4415: =IF(R4415<=2,"1-2",IF(R4415<=5,"3-5",IF(R4415<=10,"6-10","11+")))
A4416: 46224.393 | B4416: =TEXT(A4416,"YYYY-MM") | C4416: =TEXT(A4416,"MMM-YYYY") | D4416: =INT(A4416)-WEEKDAY(A4416,2)+1 | E4416: mgupta | F4416: 131200 | G4416: 4 | H4416: 10 | I4416: 48 second(s) | J4416: =IFERROR(VALUE(TRIM(LEFT(I4416,FIND("minute",I4416)-1)))*60,0)+IFERROR(VALUE(SUBSTITUTE(MID(I4416,IFERROR(FIND("and",I4416)+3,1),20),"second(s)","")),0) | K4416: =J4416/60 | L4416: =IFERROR(J4416/H4416,"") | M4416: 2.5.12 | N4416: =IF(J4416>300,1,0) | O4416: =IF(J4416>600,1,0) | P4416: =IF(H4416>0,J4416,"") | Q4416: =TEXT(A4416,"YYYY-MM-DD HH") | R4416: =COUNTIF($Q$2:$Q$5295,Q4416) | S4416: =IF(R4416<=2,"1-2",IF(R4416<=5,"3-5",IF(R4416<=10,"6-10","11+")))
A4417: 46224.394 | B4417: =TEXT(A4417,"YYYY-MM") | C4417: =TEXT(A4417,"MMM-YYYY") | D4417: =INT(A4417)-WEEKDAY(A4417,2)+1 | E4417: tkarmakar | F4417: 131918 | G4417: 2 | H4417: 10 | I4417: 1 minute(s) and 19 second(s) | J4417: =IFERROR(VALUE(TRIM(LEFT(I4417,FIND("minute",I4417)-1)))*60,0)+IFERROR(VALUE(SUBSTITUTE(MID(I4417,IFERROR(FIND("and",I4417)+3,1),20),"second(s)","")),0) | K4417: =J4417/60 | L4417: =IFERROR(J4417/H4417,"") | M4417: 2.5.12 | N4417: =IF(J4417>300,1,0) | O4417: =IF(J4417>600,1,0) | P4417: =IF(H4417>0,J4417,"") | Q4417: =TEXT(A4417,"YYYY-MM-DD HH") | R4417: =COUNTIF($Q$2:$Q$5295,Q4417) | S4417: =IF(R4417<=2,"1-2",IF(R4417<=5,"3-5",IF(R4417<=10,"6-10","11+")))
A4418: 46224.404 | B4418: =TEXT(A4418,"YYYY-MM") | C4418: =TEXT(A4418,"MMM-YYYY") | D4418: =INT(A4418)-WEEKDAY(A4418,2)+1 | E4418: shasikha | F4418: 128031 | G4418: 1 | H4418: 7 | I4418: 39 second(s) | J4418: =IFERROR(VALUE(TRIM(LEFT(I4418,FIND("minute",I4418)-1)))*60,0)+IFERROR(VALUE(SUBSTITUTE(MID(I4418,IFERROR(FIND("and",I4418)+3,1),20),"second(s)","")),0) | K4418: =J4418/60 | L4418: =IFERROR(J4418/H4418,"") | M4418: 2.5.12 | N4418: =IF(J4418>300,1,0) | O4418: =IF(J4418>600,1,0) | P4418: =IF(H4418>0,J4418,"") | Q4418: =TEXT(A4418,"YYYY-MM-DD HH") | R4418: =COUNTIF($Q$2:$Q$5295,Q4418) | S4418: =IF(R4418<=2,"1-2",IF(R4418<=5,"3-5",IF(R4418<=10,"6-10","11+")))
A4419: 46224.405 | B4419: =TEXT(A4419,"YYYY-MM") | C4419: =TEXT(A4419,"MMM-YYYY") | D4419: =INT(A4419)-WEEKDAY(A4419,2)+1 | E4419: aghosh | F4419: 128691 | G4419: 4 | H4419: 26 | I4419: 3 minute(s) and 39 second(s) | J4419: =IFERROR(VALUE(TRIM(LEFT(I4419,FIND("minute",I4419)-1)))*60,0)+IFERROR(VALUE(SUBSTITUTE(MID(I4419,IFERROR(FIND("and",I4419)+3,1),20),"second(s)","")),0) | K4419: =J4419/60 | L4419: =IFERROR(J4419/H4419,"") | M4419: 2.5.12 | N4419: =IF(J4419>300,1,0) | O4419: =IF(J4419>600,1,0) | P4419: =IF(H4419>0,J4419,"") | Q4419: =TEXT(A4419,"YYYY-MM-DD HH") | R4419: =COUNTIF($Q$2:$Q$5295,Q4419) | S4419: =IF(R4419<=2,"1-2",IF(R4419<=5,"3-5",IF(R4419<=10,"6-10","11+")))
... A4935: 46230.237 | B4935: =TEXT(A4935,"YYYY-MM") | C4935: =TEXT(A4935,"MMM-YYYY") | D4935: =INT(A4935)-WEEKDAY(A4935,2)+1 | E4935: mbhalla | F4935: 135634 | G4935: 4 | H4935: 20 | I4935: 1 minute(s) and 52 second(s) | J4935: =IFERROR(VALUE(TRIM(LEFT(I4935,FIND("minute",I4935)-1)))*60,0)+IFERROR(VALUE(SUBSTITUTE(MID(I4935,IFERROR(FIND("and",I4935)+3,1),20),"second(s)","")),0) | K4935: =J4935/60 | L4935: =IFERROR(J4935/H4935,"") | M4935: 2.5.12 | N4935: =IF(J4935>300,1,0) | O4935: =IF(J4935>600,1,0) | P4935: =IF(H4935>0,J4935,"") | Q4935: =TEXT(A4935,"YYYY-MM-DD HH") | R4935: =COUNTIF($Q$2:$Q$5295,Q4935) | S4935: =IF(R4935<=2,"1-2",IF(R4935<=5,"3-5",IF(R4935<=10,"6-10","11+")))
A4936: 46230.377 | B4936: =TEXT(A4936,"YYYY-MM") | C4936: =TEXT(A4936,"MMM-YYYY") | D4936: =INT(A4936)-WEEKDAY(A4936,2)+1 | E4936: ssaha | F4936: test | G4936: 1 | H4936: 3 | I4936: 39 second(s) | J4936: =IFERROR(VALUE(TRIM(LEFT(I4936,FIND("minute",I4936)-1)))*60,0)+IFERROR(VALUE(SUBSTITUTE(MID(I4936,IFERROR(FIND("and",I4936)+3,1),20),"second(s)","")),0) | K4936: =J4936/60 | L4936: =IFERROR(J4936/H4936,"") | M4936: 2.6.0 | N4936: =IF(J4936>300,1,0) | O4936: =IF(J4936>600,1,0) | P4936: =IF(H4936>0,J4936,"") | Q4936: =TEXT(A4936,"YYYY-MM-DD HH") | R4936: =COUNTIF($Q$2:$Q$5295,Q4936) | S4936: =IF(R4936<=2,"1-2",IF(R4936<=5,"3-5",IF(R4936<=10,"6-10","11+")))
A4937: 46230.41 | B4937: =TEXT(A4937,"YYYY-MM") | C4937: =TEXT(A4937,"MMM-YYYY") | D4937: =INT(A4937)-WEEKDAY(A4937,2)+1 | E4937: ssaha | F4937: test | G4937: 2 | H4937: 8 | I4937: 16 minute(s) and 41 second(s) | J4937: =IFERROR(VALUE(TRIM(LEFT(I4937,FIND("minute",I4937)-1)))*60,0)+IFERROR(VALUE(SUBSTITUTE(MID(I4937,IFERROR(FIND("and",I4937)+3,1),20),"second(s)","")),0) | K4937: =J4937/60 | L4937: =IFERROR(J4937/H4937,"") | M4937: 2.6.0 | N4937: =IF(J4937>300,1,0) | O4937: =IF(J4937>600,1,0) | P4937: =IF(H4937>0,J4937,"") | Q4937: =TEXT(A4937,"YYYY-MM-DD HH") | R4937: =COUNTIF($Q$2:$Q$5295,Q4937) | S4937: =IF(R4937<=2,"1-2",IF(R4937<=5,"3-5",IF(R4937<=10,"6-10","11+")))
A4938: 46230.65 | B4938: =TEXT(A4938,"YYYY-MM") | C4938: =TEXT(A4938,"MMM-YYYY") | D4938: =INT(A4938)-WEEKDAY(A4938,2)+1 | E4938: ssaha | F4938: 136577 | G4938: 2 | H4938: 6 | I4938: 35 second(s) | J4938: =IFERROR(VALUE(TRIM(LEFT(I4938,FIND("minute",I4938)-1)))*60,0)+IFERROR(VALUE(SUBSTITUTE(MID(I4938,IFERROR(FIND("and",I4938)+3,1),20),"second(s)","")),0) | K4938: =J4938/60 | L4938: =IFERROR(J4938/H4938,"") | M4938: 2.6.0 | N4938: =IF(J4938>300,1,0) | O4938: =IF(J4938>600,1,0) | P4938: =IF(H4938>0,J4938,"") | Q4938: =TEXT(A4938,"YYYY-MM-DD HH") | R4938: =COUNTIF($Q$2:$Q$5295,Q4938) | S4938: =IF(R4938<=2,"1-2",IF(R4938<=5,"3-5",IF(R4938<=10,"6-10","11+")))
A4939: 46230.727 | B4939: =TEXT(A4939,"YYYY-MM") | C4939: =TEXT(A4939,"MMM-YYYY") | D4939: =INT(A4939)-WEEKDAY(A4939,2)+1 | E4939: ssaha | F4939: 136393 | G4939: 2 | H4939: 6 | I4939: 5 minute(s) and 28 second(s) | J4939: =IFERROR(VALUE(TRIM(LEFT(I4939,FIND("minute",I4939)-1)))*60,0)+IFERROR(VALUE(SUBSTITUTE(MID(I4939,IFERROR(FIND("and",I4939)+3,1),20),"second(s)","")),0) | K4939: =J4939/60 | L4939: =IFERROR(J4939/H4939,"") | M4939: 2.6.0 | N4939: =IF(J4939>300,1,0) | O4939: =IF(J4939>600,1,0) | P4939: =IF(H4939>0,J4939,"") | Q4939: =TEXT(A4939,"YYYY-MM-DD HH") | R4939: =COUNTIF($Q$2:$Q$5295,Q4939) | S4939: =IF(R4939<=2,"1-2",IF(R4939<=5,"3-5",IF(R4939<=10,"6-10","11+")))
A4940: 46230.739 | B4940: =TEXT(A4940,"YYYY-MM") | C4940: =TEXT(A4940,"MMM-YYYY") | D4940: =INT(A4940)-WEEKDAY(A4940,2)+1 | E4940: ssaha | F4940: 136393 | G4940: 2 | H4940: 6 | I4940: 33 second(s) | J4940: =IFERROR(VALUE(TRIM(LEFT(I4940,FIND("minute",I4940)-1)))*60,0)+IFERROR(VALUE(SUBSTITUTE(MID(I4940,IFERROR(FIND("and",I4940)+3,1),20),"second(s)","")),0) | K4940: =J4940/60 | L4940: =IFERROR(J4940/H4940,"") | M4940: 2.6.0 | N4940: =IF(J4940>300,1,0) | O4940: =IF(J4940>600,1,0) | P4940: =IF(H4940>0,J4940,"") | Q4940: =TEXT(A4940,"YYYY-MM-DD HH") | R4940: =COUNTIF($Q$2:$Q$5295,Q4940) | S4940: =IF(R4940<=2,"1-2",IF(R4940<=5,"3-5",IF(R4940<=10,"6-10","11+")))
A4941: 46230.764 | B4941: =TEXT(A4941,"YYYY-MM") | C4941: =TEXT(A4941,"MMM-YYYY") | D4941: =INT(A4941)-WEEKDAY(A4941,2)+1 | E4941: ssaha | F4941: 136393 | G4941: 2 | H4941: 6 | I4941: 1 minute(s) and 6 second(s) | J4941: =IFERROR(VALUE(TRIM(LEFT(I4941,FIND("minute",I4941)-1)))*60,0)+IFERROR(VALUE(SUBSTITUTE(MID(I4941,IFERROR(FIND("and",I4941)+3,1),20),"second(s)","")),0) | K4941: =J4941/60 | L4941: =IFERROR(J4941/H4941,"") | M4941: 3.4 | N4941: =IF(J4941>300,1,0) | O4941: =IF(J4941>600,1,0) | P4941: =IF(H4941>0,J4941,"") | Q4941: =TEXT(A4941,"YYYY-MM-DD HH") | R4941: =COUNTIF($Q$2:$Q$5295,Q4941) | S4941: =IF(R4941<=2,"1-2",IF(R4941<=5,"3-5",IF(R4941<=10,"6-10","11+")))
A4942: 46230.769 | B4942: =TEXT(A4942,"YYYY-MM") | C4942: =TEXT(A4942,"MMM-YYYY") | D4942: =INT(A4942)-WEEKDAY(A4942,2)+1 | E4942: ssaha | F4942: 136393 | G4942: 2 | H4942: 6 | I4942: 1 minute(s) and 3 second(s) | J4942: =IFERROR(VALUE(TRIM(LEFT(I4942,FIND("minute",I4942)-1)))*60,0)+IFERROR(VALUE(SUBSTITUTE(MID(I4942,IFERROR(FIND("and",I4942)+3,1),20),"second(s)","")),0) | K4942: =J4942/60 | L4942: =IFERROR(J4942/H4942,"") | M4942: 3.4 | N4942: =IF(J4942>300,1,0) | O4942: =IF(J4942>600,1,0) | P4942: =IF(H4942>0,J4942,"") | Q4942: =TEXT(A4942,"YYYY-MM-DD HH") | R4942: =COUNTIF($Q$2:$Q$5295,Q4942) | S4942: =IF(R4942<=2,"1-2",IF(R4942<=5,"3-5",IF(R4942<=10,"6-10","11+")))
A4943: 46231.659 | B4943: =TEXT(A4943,"YYYY-MM") | C4943: =TEXT(A4943,"MMM-YYYY") | D4943: =INT(A4943)-WEEKDAY(A4943,2)+1 | E4943: ssaha | F4943: 129098 | G4943: 2 | H4943: 6 | I4943: 1 minute(s) and 4 second(s) | J4943: =IFERROR(VALUE(TRIM(LEFT(I4943,FIND("minute",I4943)-1)))*60,0)+IFERROR(VALUE(SUBSTITUTE(MID(I4943,IFERROR(FIND("and",I4943)+3,1),20),"second(s)","")),0) | K4943: =J4943/60 | L4943: =IFERROR(J4943/H4943,"") | M4943: 3.4 | N4943: =IF(J4943>300,1,0) | O4943: =IF(J4943>600,1,0) | P4943: =IF(H4943>0,J4943,"") | Q4943: =TEXT(A4943,"YYYY-MM-DD HH") | R4943: =COUNTIF($Q$2:$Q$5295,Q4943) | S4943: =IF(R4943<=2,"1-2",IF(R4943<=5,"3-5",IF(R4943<=10,"6-10","11+")))
A4944: 46231.666 | B4944: =TEXT(A4944,"YYYY-MM") | C4944: =TEXT(A4944,"MMM-YYYY") | D4944: =INT(A4944)-WEEKDAY(A4944,2)+1 | E4944: ssaha | F4944: 129098 | G4944: 4 | H4944: 16 | I4944: 1 minute(s) and 52 second(s) | J4944: =IFERROR(VALUE(TRIM(LEFT(I4944,FIND("minute",I4944)-1)))*60,0)+IFERROR(VALUE(SUBSTITUTE(MID(I4944,IFERROR(FIND("and",I4944)+3,1),20),"second(s)","")),0) | K4944: =J4944/60 | L4944: =IFERROR(J4944/H4944,"") | M4944: 3.4 | N4944: =IF(J4944>300,1,0) | O4944: =IF(J4944>600,1,0) | P4944: =IF(H4944>0,J4944,"") | Q4944: =TEXT(A4944,"YYYY-MM-DD HH") | R4944: =COUNTIF($Q$2:$Q$5295,Q4944) | S4944: =IF(R4944<=2,"1-2",IF(R4944<=5,"3-5",IF(R4944<=10,"6-10","11+")))
A4945: 46231.67 | B4945: =TEXT(A4945,"YYYY-MM") | C4945: =TEXT(A4945,"MMM-YYYY") | D4945: =INT(A4945)-WEEKDAY(A4945,2)+1 | E4945: ssaha | F4945: 129098 | G4945: 4 | H4945: 16 | I4945: 2 minute(s) and 12 second(s) | J4945: =IFERROR(VALUE(TRIM(LEFT(I4945,FIND("minute",I4945)-1)))*60,0)+IFERROR(VALUE(SUBSTITUTE(MID(I4945,IFERROR(FIND("and",I4945)+3,1),20),"second(s)","")),0) | K4945: =J4945/60 | L4945: =IFERROR(J4945/H4945,"") | M4945: 3.4 | N4945: =IF(J4945>300,1,0) | O4945: =IF(J4945>600,1,0) | P4945: =IF(H4945>0,J4945,"") | Q4945: =TEXT(A4945,"YYYY-MM-DD HH") | R4945: =COUNTIF($Q$2:$Q$5295,Q4945) | S4945: =IF(R4945<=2,"1-2",IF(R4945<=5,"3-5",IF(R4945<=10,"6-10","11+")))
A4946: 46232.35 | B4946: =TEXT(A4946,"YYYY-MM") | C4946: =TEXT(A4946,"MMM-YYYY") | D4946: =INT(A4946)-WEEKDAY(A4946,2)+1 | E4946: ssaha | F4946: 137237 | G4946: 4 | H4946: 20 | I4946: 2 minute(s) and 26 second(s) | J4946: =IFERROR(VALUE(TRIM(LEFT(I4946,FIND("minute",I4946)-1)))*60,0)+IFERROR(VALUE(SUBSTITUTE(MID(I4946,IFERROR(FIND("and",I4946)+3,1),20),"second(s)","")),0) | K4946: =J4946/60 | L4946: =IFERROR(J4946/H4946,"") | M4946: 3.4 | N4946: =IF(J4946>300,1,0) | O4946: =IF(J4946>600,1,0) | P4946: =IF(H4946>0,J4946,"") | Q4946: =TEXT(A4946,"YYYY-MM-DD HH") | R4946: =COUNTIF($Q$2:$Q$5295,Q4946) | S4946: =IF(R4946<=2,"1-2",IF(R4946<=5,"3-5",IF(R4946<=10,"6-10","11+")))
A4947: 46232.423 | B4947: =TEXT(A4947,"YYYY-MM") | C4947: =TEXT(A4947,"MMM-YYYY") | D4947: =INT(A4947)-WEEKDAY(A4947,2)+1 | E4947: ssaha | F4947: 135779 | G4947: 7 | H4947: 23 | I4947: 3 minute(s) and 0 second(s) | J4947: =IFERROR(VALUE(TRIM(LEFT(I4947,FIND("minute",I4947)-1)))*60,0)+IFERROR(VALUE(SUBSTITUTE(MID(I4947,IFERROR(FIND("and",I4947)+3,1),20),"second(s)","")),0) | K4947: =J4947/60 | L4947: =IFERROR(J4947/H4947,"") | M4947: 3.4 | N4947: =IF(J4947>300,1,0) | O4947: =IF(J4947>600,1,0) | P4947: =IF(H4947>0,J4947,"") | Q4947: =TEXT(A4947,"YYYY-MM-DD HH") | R4947: =COUNTIF($Q$2:$Q$5295,Q4947) | S4947: =IF(R4947<=2,"1-2",IF(R4947<=5,"3-5",IF(R4947<=10,"6-10","11+")))
A4948: 46232.51 | B4948: =TEXT(A4948,"YYYY-MM") | C4948: =TEXT(A4948,"MMM-YYYY") | D4948: =INT(A4948)-WEEKDAY(A4948,2)+1 | E4948: ssaha | F4948: 129250 | G4948: 4 | H4948: 14 | I4948: 1 minute(s) and 50 second(s) | J4948: =IFERROR(VALUE(TRIM(LEFT(I4948,FIND("minute",I4948)-1)))*60,0)+IFERROR(VALUE(SUBSTITUTE(MID(I4948,IFERROR(FIND("and",I4948)+3,1),20),"second(s)","")),0) | K4948: =J4948/60 | L4948: =IFERROR(J4948/H4948,"") | M4948: 3.4 | N4948: =IF(J4948>300,1,0) | O4948: =IF(J4948>600,1,0) | P4948: =IF(H4948>0,J4948,"") | Q4948: =TEXT(A4948,"YYYY-MM-DD HH") | R4948: =COUNTIF($Q$2:$Q$5295,Q4948) | S4948: =IF(R4948<=2,"1-2",IF(R4948<=5,"3-5",IF(R4948<=10,"6-10","11+")))
A4949: 46232.606 | B4949: =TEXT(A4949,"YYYY-MM") | C4949: =TEXT(A4949,"MMM-YYYY") | D4949: =INT(A4949)-WEEKDAY(A4949,2)+1 | E4949: ssaha | F4949: 128568 | G4949: 4 | H4949: 22 | I4949: 3 minute(s) and 12 second(s) | J4949: =IFERROR(VALUE(TRIM(LEFT(I4949,FIND("minute",I4949)-1)))*60,0)+IFERROR(VALUE(SUBSTITUTE(MID(I4949,IFERROR(FIND("and",I4949)+3,1),20),"second(s)","")),0) | K4949: =J4949/60 | L4949: =IFERROR(J4949/H4949,"") | M4949: 3.4 | N4949: =IF(J4949>300,1,0) | O4949: =IF(J4949>600,1,0) | P4949: =IF(H4949>0,J4949,"") | Q4949: =TEXT(A4949,"YYYY-MM-DD HH") | R4949: =COUNTIF($Q$2:$Q$5295,Q4949) | S4949: =IF(R4949<=2,"1-2",IF(R4949<=5,"3-5",IF(R4949<=10,"6-10","11+")))
A4950: 46232.771 | B4950: =TEXT(A4950,"YYYY-MM") | C4950: =TEXT(A4950,"MMM-YYYY") | D4950: =INT(A4950)-WEEKDAY(A4950,2)+1 | E4950: ssaha | F4950: 128480 | G4950: 5 | H4950: 25 | I4950: 3 minute(s) and 16 second(s) | J4950: =IFERROR(VALUE(TRIM(LEFT(I4950,FIND("minute",I4950)-1)))*60,0)+IFERROR(VALUE(SUBSTITUTE(MID(I4950,IFERROR(FIND("and",I4950)+3,1),20),"second(s)","")),0) | K4950: =J4950/60 | L4950: =IFERROR(J4950/H4950,"") | M4950: 3.4 | N4950: =IF(J4950>300,1,0) | O4950: =IF(J4950>600,1,0) | P4950: =IF(H4950>0,J4950,"") | Q4950: =TEXT(A4950,"YYYY-MM-DD HH") | R4950: =COUNTIF($Q$2:$Q$5295,Q4950) | S4950: =IF(R4950<=2,"1-2",IF(R4950<=5,"3-5",IF(R4950<=10,"6-10","11+")))
A4951: 46233.394 | B4951: =TEXT(A4951,"YYYY-MM") | C4951: =TEXT(A4951,"MMM-YYYY") | D4951: =INT(A4951)-WEEKDAY(A4951,2)+1 | E4951: ssaha | F4951: 128504 | G4951: 4 | H4951: 20 | I4951: 2 minute(s) and 45 second(s) | J4951: =IFERROR(VALUE(TRIM(LEFT(I4951,FIND("minute",I4951)-1)))*60,0)+IFERROR(VALUE(SUBSTITUTE(MID(I4951,IFERROR(FIND("and",I4951)+3,1),20),"second(s)","")),0) | K4951: =J4951/60 | L4951: =IFERROR(J4951/H4951,"") | M4951: 3.4 | N4951: =IF(J4951>300,1,0) | O4951: =IF(J4951>600,1,0) | P4951: =IF(H4951>0,J4951,"") | Q4951: =TEXT(A4951,"YYYY-MM-DD HH") | R4951: =COUNTIF($Q$2:$Q$5295,Q4951) | S4951: =IF(R4951<=2,"1-2",IF(R4951<=5,"3-5",IF(R4951<=10,"6-10","11+")))
A4952: 46233.469 | B4952: =TEXT(A4952,"YYYY-MM") | C4952: =TEXT(A4952,"MMM-YYYY") | D4952: =INT(A4952)-WEEKDAY(A4952,2)+1 | E4952: ssaha | F4952: test | G4952: 1 | H4952: 3 | I4952: 41 second(s) | J4952: =IFERROR(VALUE(TRIM(LEFT(I4952,FIND("minute",I4952)-1)))*60,0)+IFERROR(VALUE(SUBSTITUTE(MID(I4952,IFERROR(FIND("and",I4952)+3,1),20),"second(s)","")),0) | K4952: =J4952/60 | L4952: =IFERROR(J4952/H4952,"") | M4952: 3.5 | N4952: =IF(J4952>300,1,0) | O4952: =IF(J4952>600,1,0) | P4952: =IF(H4952>0,J4952,"") | Q4952: =TEXT(A4952,"YYYY-MM-DD HH") | R4952: =COUNTIF($Q$2:$Q$5295,Q4952) | S4952: =IF(R4952<=2,"1-2",IF(R4952<=5,"3-5",IF(R4952<=10,"6-10","11+")))
...

Sheet Helper
A1: Analyst ID | B1: 2026-04 | C1: 2026-05 | D1: 2026-06 | E1: 2026-07 | F1: 2026-08
A2: abanerjee | B2: =IF(COUNTIFS(Data!$E$2:$E$5295,$A2,Data!$B$2:$B$5295,B$1)>0,1,0) | C2: =IF(COUNTIFS(Data!$E$2:$E$5295,$A2,Data!$B$2:$B$5295,C$1)>0,1,0) | D2: =IF(COUNTIFS(Data!$E$2:$E$5295,$A2,Data!$B$2:$B$5295,D$1)>0,1,0) | E2: =IF(COUNTIFS(Data!$E$2:$E$5295,$A2,Data!$B$2:$B$5295,E$1)>0,1,0) | F2: =IF(COUNTIFS(Data!$E$2:$E$5295,$A2,Data!$B$2:$B$5295,F$1)>0,1,0)
A3: abhaskarkp | B3: =IF(COUNTIFS(Data!$E$2:$E$5295,$A3,Data!$B$2:$B$5295,B$1)>0,1,0) | C3: =IF(COUNTIFS(Data!$E$2:$E$5295,$A3,Data!$B$2:$B$5295,C$1)>0,1,0) | D3: =IF(COUNTIFS(Data!$E$2:$E$5295,$A3,Data!$B$2:$B$5295,D$1)>0,1,0) | E3: =IF(COUNTIFS(Data!$E$2:$E$5295,$A3,Data!$B$2:$B$5295,E$1)>0,1,0) | F3: =IF(COUNTIFS(Data!$E$2:$E$5295,$A3,Data!$B$2:$B$5295,F$1)>0,1,0)
A4: adey | B4: =IF(COUNTIFS(Data!$E$2:$E$5295,$A4,Data!$B$2:$B$5295,B$1)>0,1,0) | C4: =IF(COUNTIFS(Data!$E$2:$E$5295,$A4,Data!$B$2:$B$5295,C$1)>0,1,0) | D4: =IF(COUNTIFS(Data!$E$2:$E$5295,$A4,Data!$B$2:$B$5295,D$1)>0,1,0) | E4: =IF(COUNTIFS(Data!$E$2:$E$5295,$A4,Data!$B$2:$B$5295,E$1)>0,1,0) | F4: =IF(COUNTIFS(Data!$E$2:$E$5295,$A4,Data!$B$2:$B$5295,F$1)>0,1,0)
A5: adutt | B5: =IF(COUNTIFS(Data!$E$2:$E$5295,$A5,Data!$B$2:$B$5295,B$1)>0,1,0) | C5: =IF(COUNTIFS(Data!$E$2:$E$5295,$A5,Data!$B$2:$B$5295,C$1)>0,1,0) | D5: =IF(COUNTIFS(Data!$E$2:$E$5295,$A5,Data!$B$2:$B$5295,D$1)>0,1,0) | E5: =IF(COUNTIFS(Data!$E$2:$E$5295,$A5,Data!$B$2:$B$5295,E$1)>0,1,0) | F5: =IF(COUNTIFS(Data!$E$2:$E$5295,$A5,Data!$B$2:$B$5295,F$1)>0,1,0)
A6: agandhi | B6: =IF(COUNTIFS(Data!$E$2:$E$5295,$A6,Data!$B$2:$B$5295,B$1)>0,1,0) | C6: =IF(COUNTIFS(Data!$E$2:$E$5295,$A6,Data!$B$2:$B$5295,C$1)>0,1,0) | D6: =IF(COUNTIFS(Data!$E$2:$E$5295,$A6,Data!$B$2:$B$5295,D$1)>0,1,0) | E6: =IF(COUNTIFS(Data!$E$2:$E$5295,$A6,Data!$B$2:$B$5295,E$1)>0,1,0) | F6: =IF(COUNTIFS(Data!$E$2:$E$5295,$A6,Data!$B$2:$B$5295,F$1)>0,1,0)
A7: aghosh | B7: =IF(COUNTIFS(Data!$E$2:$E$5295,$A7,Data!$B$2:$B$5295,B$1)>0,1,0) | C7: =IF(COUNTIFS(Data!$E$2:$E$5295,$A7,Data!$B$2:$B$5295,C$1)>0,1,0) | D7: =IF(COUNTIFS(Data!$E$2:$E$5295,$A7,Data!$B$2:$B$5295,D$1)>0,1,0) | E7: =IF(COUNTIFS(Data!$E$2:$E$5295,$A7,Data!$B$2:$B$5295,E$1)>0,1,0) | F7: =IF(COUNTIFS(Data!$E$2:$E$5295,$A7,Data!$B$2:$B$5295,F$1)>0,1,0)
A8: ajain | B8: =IF(COUNTIFS(Data!$E$2:$E$5295,$A8,Data!$B$2:$B$5295,B$1)>0,1,0) | C8: =IF(COUNTIFS(Data!$E$2:$E$5295,$A8,Data!$B$2:$B$5295,C$1)>0,1,0) | D8: =IF(COUNTIFS(Data!$E$2:$E$5295,$A8,Data!$B$2:$B$5295,D$1)>0,1,0) | E8: =IF(COUNTIFS(Data!$E$2:$E$5295,$A8,Data!$B$2:$B$5295,E$1)>0,1,0) | F8: =IF(COUNTIFS(Data!$E$2:$E$5295,$A8,Data!$B$2:$B$5295,F$1)>0,1,0)
A9: akumari | B9: =IF(COUNTIFS(Data!$E$2:$E$5295,$A9,Data!$B$2:$B$5295,B$1)>0,1,0) | C9: =IF(COUNTIFS(Data!$E$2:$E$5295,$A9,Data!$B$2:$B$5295,C$1)>0,1,0) | D9: =IF(COUNTIFS(Data!$E$2:$E$5295,$A9,Data!$B$2:$B$5295,D$1)>0,1,0) | E9: =IF(COUNTIFS(Data!$E$2:$E$5295,$A9,Data!$B$2:$B$5295,E$1)>0,1,0) | F9: =IF(COUNTIFS(Data!$E$2:$E$5295,$A9,Data!$B$2:$B$5295,F$1)>0,1,0)
A10: amitra | B10: =IF(COUNTIFS(Data!$E$2:$E$5295,$A10,Data!$B$2:$B$5295,B$1)>0,1,0) | C10: =IF(COUNTIFS(Data!$E$2:$E$5295,$A10,Data!$B$2:$B$5295,C$1)>0,1,0) | D10: =IF(COUNTIFS(Data!$E$2:$E$5295,$A10,Data!$B$2:$B$5295,D$1)>0,1,0) | E10: =IF(COUNTIFS(Data!$E$2:$E$5295,$A10,Data!$B$2:$B$5295,E$1)>0,1,0) | F10: =IF(COUNTIFS(Data!$E$2:$E$5295,$A10,Data!$B$2:$B$5295,F$1)>0,1,0)
A11: anusharma | B11: =IF(COUNTIFS(Data!$E$2:$E$5295,$A11,Data!$B$2:$B$5295,B$1)>0,1,0) | C11: =IF(COUNTIFS(Data!$E$2:$E$5295,$A11,Data!$B$2:$B$5295,C$1)>0,1,0) | D11: =IF(COUNTIFS(Data!$E$2:$E$5295,$A11,Data!$B$2:$B$5295,D$1)>0,1,0) | E11: =IF(COUNTIFS(Data!$E$2:$E$5295,$A11,Data!$B$2:$B$5295,E$1)>0,1,0) | F11: =IF(COUNTIFS(Data!$E$2:$E$5295,$A11,Data!$B$2:$B$5295,F$1)>0,1,0)
A12: apriyadarshi | B12: =IF(COUNTIFS(Data!$E$2:$E$5295,$A12,Data!$B$2:$B$5295,B$1)>0,1,0) | C12: =IF(COUNTIFS(Data!$E$2:$E$5295,$A12,Data!$B$2:$B$5295,C$1)>0,1,0) | D12: =IF(COUNTIFS(Data!$E$2:$E$5295,$A12,Data!$B$2:$B$5295,D$1)>0,1,0) | E12: =IF(COUNTIFS(Data!$E$2:$E$5295,$A12,Data!$B$2:$B$5295,E$1)>0,1,0) | F12: =IF(COUNTIFS(Data!$E$2:$E$5295,$A12,Data!$B$2:$B$5295,F$1)>0,1,0)
A13: arsarkar | B13: =IF(COUNTIFS(Data!$E$2:$E$5295,$A13,Data!$B$2:$B$5295,B$1)>0,1,0) | C13: =IF(COUNTIFS(Data!$E$2:$E$5295,$A13,Data!$B$2:$B$5295,C$1)>0,1,0) | D13: =IF(COUNTIFS(Data!$E$2:$E$5295,$A13,Data!$B$2:$B$5295,D$1)>0,1,0) | E13: =IF(COUNTIFS(Data!$E$2:$E$5295,$A13,Data!$B$2:$B$5295,E$1)>0,1,0) | F13: =IF(COUNTIFS(Data!$E$2:$E$5295,$A13,Data!$B$2:$B$5295,F$1)>0,1,0)
... A70: ykaushik | B70: =IF(COUNTIFS(Data!$E$2:$E$5295,$A70,Data!$B$2:$B$5295,B$1)>0,1,0) | C70: =IF(COUNTIFS(Data!$E$2:$E$5295,$A70,Data!$B$2:$B$5295,C$1)>0,1,0) | D70: =IF(COUNTIFS(Data!$E$2:$E$5295,$A70,Data!$B$2:$B$5295,D$1)>0,1,0) | E70: =IF(COUNTIFS(Data!$E$2:$E$5295,$A70,Data!$B$2:$B$5295,E$1)>0,1,0) | F70: =IF(COUNTIFS(Data!$E$2:$E$5295,$A70,Data!$B$2:$B$5295,F$1)>0,1,0)
A72: Active analysts | B72: =SUM(B2:B70) | C72: =SUM(C2:C70) | D72: =SUM(D2:D70) | E72: =SUM(E2:E70) | F72: =SUM(F2:F70)
